--
-- PostgreSQL database dump
--

\restrict lJ4uklGwX9kkLfGYCzpnzRJZAZxevkJOShMBJCSZqO4yXIPMj1dcD5a5DvvOuCj

-- Dumped from database version 17.7
-- Dumped by pg_dump version 17.7

SET statement_timeout = 0;
SET lock_timeout = 0;
SET idle_in_transaction_session_timeout = 0;
SET transaction_timeout = 0;
SET client_encoding = 'UTF8';
SET standard_conforming_strings = on;
SELECT pg_catalog.set_config('search_path', '', false);
SET check_function_bodies = false;
SET xmloption = content;
SET client_min_messages = warning;
SET row_security = off;

ALTER TABLE IF EXISTS ONLY public.users DROP CONSTRAINT IF EXISTS users_organization_id_fkey;
ALTER TABLE IF EXISTS ONLY public.user_network_access DROP CONSTRAINT IF EXISTS user_network_access_user_id_fkey;
ALTER TABLE IF EXISTS ONLY public.user_network_access DROP CONSTRAINT IF EXISTS user_network_access_network_id_fkey;
ALTER TABLE IF EXISTS ONLY public.user_api_keys DROP CONSTRAINT IF EXISTS user_api_keys_user_id_fkey;
ALTER TABLE IF EXISTS ONLY public.user_api_keys DROP CONSTRAINT IF EXISTS user_api_keys_organization_id_fkey;
ALTER TABLE IF EXISTS ONLY public.user_api_key_network_access DROP CONSTRAINT IF EXISTS user_api_key_network_access_network_id_fkey;
ALTER TABLE IF EXISTS ONLY public.user_api_key_network_access DROP CONSTRAINT IF EXISTS user_api_key_network_access_api_key_id_fkey;
ALTER TABLE IF EXISTS ONLY public.topologies DROP CONSTRAINT IF EXISTS topologies_network_id_fkey;
ALTER TABLE IF EXISTS ONLY public.tags DROP CONSTRAINT IF EXISTS tags_organization_id_fkey;
ALTER TABLE IF EXISTS ONLY public.subnets DROP CONSTRAINT IF EXISTS subnets_network_id_fkey;
ALTER TABLE IF EXISTS ONLY public.snmp_credentials DROP CONSTRAINT IF EXISTS snmp_credentials_organization_id_fkey;
ALTER TABLE IF EXISTS ONLY public.shares DROP CONSTRAINT IF EXISTS shares_topology_id_fkey;
ALTER TABLE IF EXISTS ONLY public.shares DROP CONSTRAINT IF EXISTS shares_network_id_fkey;
ALTER TABLE IF EXISTS ONLY public.shares DROP CONSTRAINT IF EXISTS shares_created_by_fkey;
ALTER TABLE IF EXISTS ONLY public.services DROP CONSTRAINT IF EXISTS services_network_id_fkey;
ALTER TABLE IF EXISTS ONLY public.services DROP CONSTRAINT IF EXISTS services_host_id_fkey;
ALTER TABLE IF EXISTS ONLY public.ports DROP CONSTRAINT IF EXISTS ports_network_id_fkey;
ALTER TABLE IF EXISTS ONLY public.ports DROP CONSTRAINT IF EXISTS ports_host_id_fkey;
ALTER TABLE IF EXISTS ONLY public.networks DROP CONSTRAINT IF EXISTS organization_id_fkey;
ALTER TABLE IF EXISTS ONLY public.networks DROP CONSTRAINT IF EXISTS networks_snmp_credential_id_fkey;
ALTER TABLE IF EXISTS ONLY public.invites DROP CONSTRAINT IF EXISTS invites_organization_id_fkey;
ALTER TABLE IF EXISTS ONLY public.invites DROP CONSTRAINT IF EXISTS invites_created_by_fkey;
ALTER TABLE IF EXISTS ONLY public.interfaces DROP CONSTRAINT IF EXISTS interfaces_subnet_id_fkey;
ALTER TABLE IF EXISTS ONLY public.interfaces DROP CONSTRAINT IF EXISTS interfaces_network_id_fkey;
ALTER TABLE IF EXISTS ONLY public.interfaces DROP CONSTRAINT IF EXISTS interfaces_host_id_fkey;
ALTER TABLE IF EXISTS ONLY public.if_entries DROP CONSTRAINT IF EXISTS if_entries_network_id_fkey;
ALTER TABLE IF EXISTS ONLY public.if_entries DROP CONSTRAINT IF EXISTS if_entries_neighbor_if_entry_id_fkey;
ALTER TABLE IF EXISTS ONLY public.if_entries DROP CONSTRAINT IF EXISTS if_entries_neighbor_host_id_fkey;
ALTER TABLE IF EXISTS ONLY public.if_entries DROP CONSTRAINT IF EXISTS if_entries_interface_id_fkey;
ALTER TABLE IF EXISTS ONLY public.if_entries DROP CONSTRAINT IF EXISTS if_entries_host_id_fkey;
ALTER TABLE IF EXISTS ONLY public.hosts DROP CONSTRAINT IF EXISTS hosts_snmp_credential_id_fkey;
ALTER TABLE IF EXISTS ONLY public.hosts DROP CONSTRAINT IF EXISTS hosts_network_id_fkey;
ALTER TABLE IF EXISTS ONLY public.groups DROP CONSTRAINT IF EXISTS groups_network_id_fkey;
ALTER TABLE IF EXISTS ONLY public.group_bindings DROP CONSTRAINT IF EXISTS group_bindings_group_id_fkey;
ALTER TABLE IF EXISTS ONLY public.group_bindings DROP CONSTRAINT IF EXISTS group_bindings_binding_id_fkey;
ALTER TABLE IF EXISTS ONLY public.entity_tags DROP CONSTRAINT IF EXISTS entity_tags_tag_id_fkey;
ALTER TABLE IF EXISTS ONLY public.discovery DROP CONSTRAINT IF EXISTS discovery_network_id_fkey;
ALTER TABLE IF EXISTS ONLY public.discovery DROP CONSTRAINT IF EXISTS discovery_daemon_id_fkey;
ALTER TABLE IF EXISTS ONLY public.daemons DROP CONSTRAINT IF EXISTS daemons_user_id_fkey;
ALTER TABLE IF EXISTS ONLY public.daemons DROP CONSTRAINT IF EXISTS daemons_network_id_fkey;
ALTER TABLE IF EXISTS ONLY public.daemons DROP CONSTRAINT IF EXISTS daemons_api_key_id_fkey;
ALTER TABLE IF EXISTS ONLY public.bindings DROP CONSTRAINT IF EXISTS bindings_service_id_fkey;
ALTER TABLE IF EXISTS ONLY public.bindings DROP CONSTRAINT IF EXISTS bindings_port_id_fkey;
ALTER TABLE IF EXISTS ONLY public.bindings DROP CONSTRAINT IF EXISTS bindings_network_id_fkey;
ALTER TABLE IF EXISTS ONLY public.bindings DROP CONSTRAINT IF EXISTS bindings_interface_id_fkey;
ALTER TABLE IF EXISTS ONLY public.api_keys DROP CONSTRAINT IF EXISTS api_keys_network_id_fkey;
DROP TRIGGER IF EXISTS reassign_daemons_before_user_delete ON public.users;
DROP INDEX IF EXISTS public.idx_users_password_reset_token;
DROP INDEX IF EXISTS public.idx_users_organization;
DROP INDEX IF EXISTS public.idx_users_oidc_provider_subject;
DROP INDEX IF EXISTS public.idx_users_email_verification_token;
DROP INDEX IF EXISTS public.idx_users_email_lower;
DROP INDEX IF EXISTS public.idx_user_network_access_user;
DROP INDEX IF EXISTS public.idx_user_network_access_network;
DROP INDEX IF EXISTS public.idx_user_api_keys_user;
DROP INDEX IF EXISTS public.idx_user_api_keys_org;
DROP INDEX IF EXISTS public.idx_user_api_keys_key;
DROP INDEX IF EXISTS public.idx_user_api_key_network_access_network;
DROP INDEX IF EXISTS public.idx_user_api_key_network_access_key;
DROP INDEX IF EXISTS public.idx_topologies_network;
DROP INDEX IF EXISTS public.idx_tags_organization;
DROP INDEX IF EXISTS public.idx_tags_org_name;
DROP INDEX IF EXISTS public.idx_subnets_network;
DROP INDEX IF EXISTS public.idx_snmp_credentials_org;
DROP INDEX IF EXISTS public.idx_shares_topology;
DROP INDEX IF EXISTS public.idx_shares_network;
DROP INDEX IF EXISTS public.idx_shares_enabled;
DROP INDEX IF EXISTS public.idx_services_network;
DROP INDEX IF EXISTS public.idx_services_host_position;
DROP INDEX IF EXISTS public.idx_services_host_id;
DROP INDEX IF EXISTS public.idx_ports_number;
DROP INDEX IF EXISTS public.idx_ports_network;
DROP INDEX IF EXISTS public.idx_ports_host;
DROP INDEX IF EXISTS public.idx_organizations_stripe_customer;
DROP INDEX IF EXISTS public.idx_networks_snmp_credential;
DROP INDEX IF EXISTS public.idx_networks_owner_organization;
DROP INDEX IF EXISTS public.idx_invites_organization;
DROP INDEX IF EXISTS public.idx_invites_expires_at;
DROP INDEX IF EXISTS public.idx_interfaces_subnet;
DROP INDEX IF EXISTS public.idx_interfaces_network;
DROP INDEX IF EXISTS public.idx_interfaces_host_mac;
DROP INDEX IF EXISTS public.idx_interfaces_host;
DROP INDEX IF EXISTS public.idx_if_entries_network;
DROP INDEX IF EXISTS public.idx_if_entries_neighbor_if_entry;
DROP INDEX IF EXISTS public.idx_if_entries_neighbor_host;
DROP INDEX IF EXISTS public.idx_if_entries_mac_address;
DROP INDEX IF EXISTS public.idx_if_entries_interface;
DROP INDEX IF EXISTS public.idx_if_entries_host;
DROP INDEX IF EXISTS public.idx_hosts_snmp_credential;
DROP INDEX IF EXISTS public.idx_hosts_network;
DROP INDEX IF EXISTS public.idx_hosts_chassis_id;
DROP INDEX IF EXISTS public.idx_groups_network;
DROP INDEX IF EXISTS public.idx_group_bindings_group;
DROP INDEX IF EXISTS public.idx_group_bindings_binding;
DROP INDEX IF EXISTS public.idx_entity_tags_tag_id;
DROP INDEX IF EXISTS public.idx_entity_tags_entity;
DROP INDEX IF EXISTS public.idx_discovery_network;
DROP INDEX IF EXISTS public.idx_discovery_daemon;
DROP INDEX IF EXISTS public.idx_daemons_network;
DROP INDEX IF EXISTS public.idx_daemons_api_key;
DROP INDEX IF EXISTS public.idx_daemon_host_id;
DROP INDEX IF EXISTS public.idx_bindings_service;
DROP INDEX IF EXISTS public.idx_bindings_port;
DROP INDEX IF EXISTS public.idx_bindings_network;
DROP INDEX IF EXISTS public.idx_bindings_interface;
DROP INDEX IF EXISTS public.idx_api_keys_network;
DROP INDEX IF EXISTS public.idx_api_keys_key;
ALTER TABLE IF EXISTS ONLY tower_sessions.session DROP CONSTRAINT IF EXISTS session_pkey;
ALTER TABLE IF EXISTS ONLY public.users DROP CONSTRAINT IF EXISTS users_pkey;
ALTER TABLE IF EXISTS ONLY public.user_network_access DROP CONSTRAINT IF EXISTS user_network_access_user_id_network_id_key;
ALTER TABLE IF EXISTS ONLY public.user_network_access DROP CONSTRAINT IF EXISTS user_network_access_pkey;
ALTER TABLE IF EXISTS ONLY public.user_api_keys DROP CONSTRAINT IF EXISTS user_api_keys_pkey;
ALTER TABLE IF EXISTS ONLY public.user_api_keys DROP CONSTRAINT IF EXISTS user_api_keys_key_key;
ALTER TABLE IF EXISTS ONLY public.user_api_key_network_access DROP CONSTRAINT IF EXISTS user_api_key_network_access_pkey;
ALTER TABLE IF EXISTS ONLY public.user_api_key_network_access DROP CONSTRAINT IF EXISTS user_api_key_network_access_api_key_id_network_id_key;
ALTER TABLE IF EXISTS ONLY public.topologies DROP CONSTRAINT IF EXISTS topologies_pkey;
ALTER TABLE IF EXISTS ONLY public.tags DROP CONSTRAINT IF EXISTS tags_pkey;
ALTER TABLE IF EXISTS ONLY public.subnets DROP CONSTRAINT IF EXISTS subnets_pkey;
ALTER TABLE IF EXISTS ONLY public.snmp_credentials DROP CONSTRAINT IF EXISTS snmp_credentials_pkey;
ALTER TABLE IF EXISTS ONLY public.snmp_credentials DROP CONSTRAINT IF EXISTS snmp_credentials_organization_id_name_key;
ALTER TABLE IF EXISTS ONLY public.shares DROP CONSTRAINT IF EXISTS shares_pkey;
ALTER TABLE IF EXISTS ONLY public.services DROP CONSTRAINT IF EXISTS services_pkey;
ALTER TABLE IF EXISTS ONLY public.ports DROP CONSTRAINT IF EXISTS ports_pkey;
ALTER TABLE IF EXISTS ONLY public.ports DROP CONSTRAINT IF EXISTS ports_host_id_port_number_protocol_key;
ALTER TABLE IF EXISTS ONLY public.organizations DROP CONSTRAINT IF EXISTS organizations_pkey;
ALTER TABLE IF EXISTS ONLY public.networks DROP CONSTRAINT IF EXISTS networks_pkey;
ALTER TABLE IF EXISTS ONLY public.invites DROP CONSTRAINT IF EXISTS invites_pkey;
ALTER TABLE IF EXISTS ONLY public.interfaces DROP CONSTRAINT IF EXISTS interfaces_pkey;
ALTER TABLE IF EXISTS ONLY public.interfaces DROP CONSTRAINT IF EXISTS interfaces_host_id_subnet_id_ip_address_key;
ALTER TABLE IF EXISTS ONLY public.if_entries DROP CONSTRAINT IF EXISTS if_entries_pkey;
ALTER TABLE IF EXISTS ONLY public.if_entries DROP CONSTRAINT IF EXISTS if_entries_host_id_if_index_key;
ALTER TABLE IF EXISTS ONLY public.hosts DROP CONSTRAINT IF EXISTS hosts_pkey;
ALTER TABLE IF EXISTS ONLY public.groups DROP CONSTRAINT IF EXISTS groups_pkey;
ALTER TABLE IF EXISTS ONLY public.group_bindings DROP CONSTRAINT IF EXISTS group_bindings_pkey;
ALTER TABLE IF EXISTS ONLY public.group_bindings DROP CONSTRAINT IF EXISTS group_bindings_group_id_binding_id_key;
ALTER TABLE IF EXISTS ONLY public.entity_tags DROP CONSTRAINT IF EXISTS entity_tags_pkey;
ALTER TABLE IF EXISTS ONLY public.entity_tags DROP CONSTRAINT IF EXISTS entity_tags_entity_id_entity_type_tag_id_key;
ALTER TABLE IF EXISTS ONLY public.discovery DROP CONSTRAINT IF EXISTS discovery_pkey;
ALTER TABLE IF EXISTS ONLY public.daemons DROP CONSTRAINT IF EXISTS daemons_pkey;
ALTER TABLE IF EXISTS ONLY public.bindings DROP CONSTRAINT IF EXISTS bindings_pkey;
ALTER TABLE IF EXISTS ONLY public.api_keys DROP CONSTRAINT IF EXISTS api_keys_pkey;
ALTER TABLE IF EXISTS ONLY public.api_keys DROP CONSTRAINT IF EXISTS api_keys_key_key;
ALTER TABLE IF EXISTS ONLY public._sqlx_migrations DROP CONSTRAINT IF EXISTS _sqlx_migrations_pkey;
DROP TABLE IF EXISTS tower_sessions.session;
DROP TABLE IF EXISTS public.users;
DROP TABLE IF EXISTS public.user_network_access;
DROP TABLE IF EXISTS public.user_api_keys;
DROP TABLE IF EXISTS public.user_api_key_network_access;
DROP TABLE IF EXISTS public.topologies;
DROP TABLE IF EXISTS public.tags;
DROP TABLE IF EXISTS public.subnets;
DROP TABLE IF EXISTS public.snmp_credentials;
DROP TABLE IF EXISTS public.shares;
DROP TABLE IF EXISTS public.services;
DROP TABLE IF EXISTS public.ports;
DROP TABLE IF EXISTS public.organizations;
DROP TABLE IF EXISTS public.networks;
DROP TABLE IF EXISTS public.invites;
DROP TABLE IF EXISTS public.interfaces;
DROP TABLE IF EXISTS public.if_entries;
DROP TABLE IF EXISTS public.hosts;
DROP TABLE IF EXISTS public.groups;
DROP TABLE IF EXISTS public.group_bindings;
DROP TABLE IF EXISTS public.entity_tags;
DROP TABLE IF EXISTS public.discovery;
DROP TABLE IF EXISTS public.daemons;
DROP TABLE IF EXISTS public.bindings;
DROP TABLE IF EXISTS public.api_keys;
DROP TABLE IF EXISTS public._sqlx_migrations;
DROP FUNCTION IF EXISTS public.reassign_daemons_on_user_delete();
DROP EXTENSION IF EXISTS pgcrypto;
DROP SCHEMA IF EXISTS tower_sessions;
--
-- Name: tower_sessions; Type: SCHEMA; Schema: -; Owner: postgres
--

CREATE SCHEMA tower_sessions;


ALTER SCHEMA tower_sessions OWNER TO postgres;

--
-- Name: pgcrypto; Type: EXTENSION; Schema: -; Owner: -
--

CREATE EXTENSION IF NOT EXISTS pgcrypto WITH SCHEMA public;


--
-- Name: EXTENSION pgcrypto; Type: COMMENT; Schema: -; Owner: 
--

COMMENT ON EXTENSION pgcrypto IS 'cryptographic functions';


--
-- Name: reassign_daemons_on_user_delete(); Type: FUNCTION; Schema: public; Owner: postgres
--

CREATE FUNCTION public.reassign_daemons_on_user_delete() RETURNS trigger
    LANGUAGE plpgsql
    AS $$
DECLARE
    new_owner_id UUID;
BEGIN
    SELECT id INTO new_owner_id
    FROM users
    WHERE organization_id = OLD.organization_id
      AND permissions = 'Owner'
      AND id != OLD.id
    ORDER BY created_at ASC
    LIMIT 1;

    IF new_owner_id IS NOT NULL THEN
        UPDATE daemons
        SET user_id = new_owner_id
        WHERE user_id = OLD.id;
    END IF;

    RETURN OLD;
END;
$$;


ALTER FUNCTION public.reassign_daemons_on_user_delete() OWNER TO postgres;

SET default_tablespace = '';

SET default_table_access_method = heap;

--
-- Name: _sqlx_migrations; Type: TABLE; Schema: public; Owner: postgres
--

CREATE TABLE public._sqlx_migrations (
    version bigint NOT NULL,
    description text NOT NULL,
    installed_on timestamp with time zone DEFAULT now() NOT NULL,
    success boolean NOT NULL,
    checksum bytea NOT NULL,
    execution_time bigint NOT NULL
);


ALTER TABLE public._sqlx_migrations OWNER TO postgres;

--
-- Name: api_keys; Type: TABLE; Schema: public; Owner: postgres
--

CREATE TABLE public.api_keys (
    id uuid NOT NULL,
    key text NOT NULL,
    network_id uuid NOT NULL,
    name text NOT NULL,
    created_at timestamp with time zone DEFAULT now() NOT NULL,
    updated_at timestamp with time zone DEFAULT now() NOT NULL,
    last_used timestamp with time zone,
    expires_at timestamp with time zone,
    is_enabled boolean DEFAULT true NOT NULL,
    plaintext text
);


ALTER TABLE public.api_keys OWNER TO postgres;

--
-- Name: bindings; Type: TABLE; Schema: public; Owner: postgres
--

CREATE TABLE public.bindings (
    id uuid NOT NULL,
    network_id uuid NOT NULL,
    service_id uuid NOT NULL,
    binding_type text NOT NULL,
    interface_id uuid,
    port_id uuid,
    created_at timestamp with time zone DEFAULT now() NOT NULL,
    updated_at timestamp with time zone DEFAULT now() NOT NULL,
    CONSTRAINT bindings_binding_type_check CHECK ((binding_type = ANY (ARRAY['Interface'::text, 'Port'::text]))),
    CONSTRAINT valid_binding CHECK ((((binding_type = 'Interface'::text) AND (interface_id IS NOT NULL) AND (port_id IS NULL)) OR ((binding_type = 'Port'::text) AND (port_id IS NOT NULL))))
);


ALTER TABLE public.bindings OWNER TO postgres;

--
-- Name: daemons; Type: TABLE; Schema: public; Owner: postgres
--

CREATE TABLE public.daemons (
    id uuid NOT NULL,
    network_id uuid NOT NULL,
    host_id uuid NOT NULL,
    created_at timestamp with time zone NOT NULL,
    last_seen timestamp with time zone,
    capabilities jsonb DEFAULT '{}'::jsonb,
    updated_at timestamp with time zone DEFAULT now() NOT NULL,
    mode text DEFAULT '"Push"'::text,
    url text NOT NULL,
    name text,
    version text,
    user_id uuid NOT NULL,
    api_key_id uuid,
    is_unreachable boolean DEFAULT false NOT NULL
);


ALTER TABLE public.daemons OWNER TO postgres;

--
-- Name: discovery; Type: TABLE; Schema: public; Owner: postgres
--

CREATE TABLE public.discovery (
    id uuid NOT NULL,
    network_id uuid NOT NULL,
    daemon_id uuid NOT NULL,
    run_type jsonb NOT NULL,
    discovery_type jsonb NOT NULL,
    name text NOT NULL,
    created_at timestamp with time zone NOT NULL,
    updated_at timestamp with time zone NOT NULL
);


ALTER TABLE public.discovery OWNER TO postgres;

--
-- Name: entity_tags; Type: TABLE; Schema: public; Owner: postgres
--

CREATE TABLE public.entity_tags (
    id uuid DEFAULT gen_random_uuid() NOT NULL,
    entity_id uuid NOT NULL,
    entity_type character varying(50) NOT NULL,
    tag_id uuid NOT NULL,
    created_at timestamp with time zone DEFAULT now() NOT NULL
);


ALTER TABLE public.entity_tags OWNER TO postgres;

--
-- Name: group_bindings; Type: TABLE; Schema: public; Owner: postgres
--

CREATE TABLE public.group_bindings (
    id uuid DEFAULT gen_random_uuid() NOT NULL,
    group_id uuid NOT NULL,
    binding_id uuid NOT NULL,
    "position" integer NOT NULL,
    created_at timestamp with time zone DEFAULT now() NOT NULL
);


ALTER TABLE public.group_bindings OWNER TO postgres;

--
-- Name: groups; Type: TABLE; Schema: public; Owner: postgres
--

CREATE TABLE public.groups (
    id uuid NOT NULL,
    network_id uuid NOT NULL,
    name text NOT NULL,
    description text,
    created_at timestamp with time zone NOT NULL,
    updated_at timestamp with time zone NOT NULL,
    source jsonb NOT NULL,
    color text NOT NULL,
    edge_style text DEFAULT '"SmoothStep"'::text,
    group_type text NOT NULL
);


ALTER TABLE public.groups OWNER TO postgres;

--
-- Name: hosts; Type: TABLE; Schema: public; Owner: postgres
--

CREATE TABLE public.hosts (
    id uuid NOT NULL,
    network_id uuid NOT NULL,
    name text NOT NULL,
    hostname text,
    description text,
    source jsonb NOT NULL,
    virtualization jsonb,
    created_at timestamp with time zone NOT NULL,
    updated_at timestamp with time zone NOT NULL,
    hidden boolean DEFAULT false,
    sys_descr text,
    sys_object_id text,
    sys_location text,
    sys_contact text,
    management_url text,
    chassis_id text,
    snmp_credential_id uuid
);


ALTER TABLE public.hosts OWNER TO postgres;

--
-- Name: COLUMN hosts.sys_descr; Type: COMMENT; Schema: public; Owner: postgres
--

COMMENT ON COLUMN public.hosts.sys_descr IS 'SNMP sysDescr.0 - full system description';


--
-- Name: COLUMN hosts.sys_object_id; Type: COMMENT; Schema: public; Owner: postgres
--

COMMENT ON COLUMN public.hosts.sys_object_id IS 'SNMP sysObjectID.0 - vendor OID for device identification';


--
-- Name: COLUMN hosts.sys_location; Type: COMMENT; Schema: public; Owner: postgres
--

COMMENT ON COLUMN public.hosts.sys_location IS 'SNMP sysLocation.0 - physical location';


--
-- Name: COLUMN hosts.sys_contact; Type: COMMENT; Schema: public; Owner: postgres
--

COMMENT ON COLUMN public.hosts.sys_contact IS 'SNMP sysContact.0 - admin contact info';


--
-- Name: COLUMN hosts.management_url; Type: COMMENT; Schema: public; Owner: postgres
--

COMMENT ON COLUMN public.hosts.management_url IS 'URL for device management interface (manual or discovered)';


--
-- Name: COLUMN hosts.chassis_id; Type: COMMENT; Schema: public; Owner: postgres
--

COMMENT ON COLUMN public.hosts.chassis_id IS 'LLDP lldpLocChassisId - globally unique device identifier for deduplication';


--
-- Name: COLUMN hosts.snmp_credential_id; Type: COMMENT; Schema: public; Owner: postgres
--

COMMENT ON COLUMN public.hosts.snmp_credential_id IS 'Per-host SNMP credential override (null = use network default)';


--
-- Name: if_entries; Type: TABLE; Schema: public; Owner: postgres
--

CREATE TABLE public.if_entries (
    id uuid NOT NULL,
    host_id uuid NOT NULL,
    network_id uuid NOT NULL,
    created_at timestamp with time zone DEFAULT now() NOT NULL,
    updated_at timestamp with time zone DEFAULT now() NOT NULL,
    if_index integer NOT NULL,
    if_descr text NOT NULL,
    if_alias text,
    if_type integer NOT NULL,
    speed_bps bigint,
    admin_status integer NOT NULL,
    oper_status integer NOT NULL,
    mac_address macaddr,
    interface_id uuid,
    neighbor_if_entry_id uuid,
    neighbor_host_id uuid,
    lldp_chassis_id jsonb,
    lldp_port_id jsonb,
    lldp_sys_name text,
    lldp_port_desc text,
    lldp_mgmt_addr inet,
    lldp_sys_desc text,
    cdp_device_id text,
    cdp_port_id text,
    cdp_platform text,
    cdp_address inet,
    CONSTRAINT chk_neighbor_exclusive CHECK (((neighbor_if_entry_id IS NULL) OR (neighbor_host_id IS NULL)))
);


ALTER TABLE public.if_entries OWNER TO postgres;

--
-- Name: TABLE if_entries; Type: COMMENT; Schema: public; Owner: postgres
--

COMMENT ON TABLE public.if_entries IS 'SNMP ifTable entries - physical/logical interfaces on network devices';


--
-- Name: COLUMN if_entries.if_index; Type: COMMENT; Schema: public; Owner: postgres
--

COMMENT ON COLUMN public.if_entries.if_index IS 'SNMP ifIndex - stable identifier within device';


--
-- Name: COLUMN if_entries.if_descr; Type: COMMENT; Schema: public; Owner: postgres
--

COMMENT ON COLUMN public.if_entries.if_descr IS 'SNMP ifDescr - interface description (e.g., GigabitEthernet0/1)';


--
-- Name: COLUMN if_entries.if_alias; Type: COMMENT; Schema: public; Owner: postgres
--

COMMENT ON COLUMN public.if_entries.if_alias IS 'SNMP ifAlias - user-configured description';


--
-- Name: COLUMN if_entries.if_type; Type: COMMENT; Schema: public; Owner: postgres
--

COMMENT ON COLUMN public.if_entries.if_type IS 'SNMP ifType - IANAifType integer (6=ethernet, 24=loopback, etc.)';


--
-- Name: COLUMN if_entries.speed_bps; Type: COMMENT; Schema: public; Owner: postgres
--

COMMENT ON COLUMN public.if_entries.speed_bps IS 'Interface speed from ifSpeed/ifHighSpeed in bits per second';


--
-- Name: COLUMN if_entries.admin_status; Type: COMMENT; Schema: public; Owner: postgres
--

COMMENT ON COLUMN public.if_entries.admin_status IS 'SNMP ifAdminStatus: 1=up, 2=down, 3=testing';


--
-- Name: COLUMN if_entries.oper_status; Type: COMMENT; Schema: public; Owner: postgres
--

COMMENT ON COLUMN public.if_entries.oper_status IS 'SNMP ifOperStatus: 1=up, 2=down, 3=testing, 4=unknown, 5=dormant, 6=notPresent, 7=lowerLayerDown';


--
-- Name: COLUMN if_entries.interface_id; Type: COMMENT; Schema: public; Owner: postgres
--

COMMENT ON COLUMN public.if_entries.interface_id IS 'FK to Interface entity when this ifEntry has an IP address (must be on same host)';


--
-- Name: COLUMN if_entries.neighbor_if_entry_id; Type: COMMENT; Schema: public; Owner: postgres
--

COMMENT ON COLUMN public.if_entries.neighbor_if_entry_id IS 'Full neighbor resolution: FK to remote IfEntry discovered via LLDP/CDP';


--
-- Name: COLUMN if_entries.neighbor_host_id; Type: COMMENT; Schema: public; Owner: postgres
--

COMMENT ON COLUMN public.if_entries.neighbor_host_id IS 'Partial neighbor resolution: FK to remote Host when specific port is unknown';


--
-- Name: COLUMN if_entries.lldp_mgmt_addr; Type: COMMENT; Schema: public; Owner: postgres
--

COMMENT ON COLUMN public.if_entries.lldp_mgmt_addr IS 'LLDP remote management address (lldpRemManAddr)';


--
-- Name: COLUMN if_entries.lldp_sys_desc; Type: COMMENT; Schema: public; Owner: postgres
--

COMMENT ON COLUMN public.if_entries.lldp_sys_desc IS 'LLDP remote system description (lldpRemSysDesc)';


--
-- Name: COLUMN if_entries.cdp_device_id; Type: COMMENT; Schema: public; Owner: postgres
--

COMMENT ON COLUMN public.if_entries.cdp_device_id IS 'CDP cache remote device ID (typically hostname)';


--
-- Name: COLUMN if_entries.cdp_port_id; Type: COMMENT; Schema: public; Owner: postgres
--

COMMENT ON COLUMN public.if_entries.cdp_port_id IS 'CDP cache remote port ID string';


--
-- Name: COLUMN if_entries.cdp_platform; Type: COMMENT; Schema: public; Owner: postgres
--

COMMENT ON COLUMN public.if_entries.cdp_platform IS 'CDP cache remote device platform (e.g., Cisco IOS)';


--
-- Name: COLUMN if_entries.cdp_address; Type: COMMENT; Schema: public; Owner: postgres
--

COMMENT ON COLUMN public.if_entries.cdp_address IS 'CDP cache remote device management IP address';


--
-- Name: interfaces; Type: TABLE; Schema: public; Owner: postgres
--

CREATE TABLE public.interfaces (
    id uuid NOT NULL,
    network_id uuid NOT NULL,
    host_id uuid NOT NULL,
    subnet_id uuid NOT NULL,
    ip_address inet NOT NULL,
    mac_address macaddr,
    name text,
    "position" integer DEFAULT 0 NOT NULL,
    created_at timestamp with time zone DEFAULT now() NOT NULL,
    updated_at timestamp with time zone DEFAULT now() NOT NULL
);


ALTER TABLE public.interfaces OWNER TO postgres;

--
-- Name: invites; Type: TABLE; Schema: public; Owner: postgres
--

CREATE TABLE public.invites (
    id uuid NOT NULL,
    organization_id uuid NOT NULL,
    permissions text NOT NULL,
    network_ids uuid[] NOT NULL,
    url text NOT NULL,
    created_by uuid NOT NULL,
    created_at timestamp with time zone NOT NULL,
    updated_at timestamp with time zone NOT NULL,
    expires_at timestamp with time zone NOT NULL,
    send_to text
);


ALTER TABLE public.invites OWNER TO postgres;

--
-- Name: networks; Type: TABLE; Schema: public; Owner: postgres
--

CREATE TABLE public.networks (
    id uuid NOT NULL,
    name text NOT NULL,
    created_at timestamp with time zone NOT NULL,
    updated_at timestamp with time zone NOT NULL,
    organization_id uuid NOT NULL,
    snmp_credential_id uuid
);


ALTER TABLE public.networks OWNER TO postgres;

--
-- Name: COLUMN networks.organization_id; Type: COMMENT; Schema: public; Owner: postgres
--

COMMENT ON COLUMN public.networks.organization_id IS 'The organization that owns and pays for this network';


--
-- Name: COLUMN networks.snmp_credential_id; Type: COMMENT; Schema: public; Owner: postgres
--

COMMENT ON COLUMN public.networks.snmp_credential_id IS 'Default SNMP credential for this network (presence enables SNMP discovery)';


--
-- Name: organizations; Type: TABLE; Schema: public; Owner: postgres
--

CREATE TABLE public.organizations (
    id uuid DEFAULT gen_random_uuid() NOT NULL,
    name text NOT NULL,
    stripe_customer_id text,
    plan jsonb NOT NULL,
    plan_status text,
    created_at timestamp with time zone DEFAULT now() NOT NULL,
    updated_at timestamp with time zone DEFAULT now() NOT NULL,
    onboarding jsonb DEFAULT '[]'::jsonb,
    hubspot_company_id text
);


ALTER TABLE public.organizations OWNER TO postgres;

--
-- Name: TABLE organizations; Type: COMMENT; Schema: public; Owner: postgres
--

COMMENT ON TABLE public.organizations IS 'Organizations that own networks and have Stripe subscriptions';


--
-- Name: COLUMN organizations.plan; Type: COMMENT; Schema: public; Owner: postgres
--

COMMENT ON COLUMN public.organizations.plan IS 'The current billing plan for the organization (e.g., Community, Pro)';


--
-- Name: ports; Type: TABLE; Schema: public; Owner: postgres
--

CREATE TABLE public.ports (
    id uuid NOT NULL,
    network_id uuid NOT NULL,
    host_id uuid NOT NULL,
    port_number integer NOT NULL,
    protocol text NOT NULL,
    port_type text NOT NULL,
    created_at timestamp with time zone DEFAULT now() NOT NULL,
    updated_at timestamp with time zone DEFAULT now() NOT NULL,
    CONSTRAINT ports_port_number_check CHECK (((port_number >= 0) AND (port_number <= 65535))),
    CONSTRAINT ports_protocol_check CHECK ((protocol = ANY (ARRAY['Tcp'::text, 'Udp'::text])))
);


ALTER TABLE public.ports OWNER TO postgres;

--
-- Name: services; Type: TABLE; Schema: public; Owner: postgres
--

CREATE TABLE public.services (
    id uuid NOT NULL,
    network_id uuid NOT NULL,
    created_at timestamp with time zone NOT NULL,
    updated_at timestamp with time zone NOT NULL,
    name text NOT NULL,
    host_id uuid NOT NULL,
    service_definition text NOT NULL,
    virtualization jsonb,
    source jsonb NOT NULL,
    "position" integer DEFAULT 0 NOT NULL
);


ALTER TABLE public.services OWNER TO postgres;

--
-- Name: shares; Type: TABLE; Schema: public; Owner: postgres
--

CREATE TABLE public.shares (
    id uuid DEFAULT gen_random_uuid() NOT NULL,
    topology_id uuid NOT NULL,
    network_id uuid NOT NULL,
    created_by uuid NOT NULL,
    name text NOT NULL,
    is_enabled boolean DEFAULT true NOT NULL,
    expires_at timestamp with time zone,
    password_hash text,
    allowed_domains text[],
    options jsonb NOT NULL,
    created_at timestamp with time zone DEFAULT now() NOT NULL,
    updated_at timestamp with time zone DEFAULT now() NOT NULL
);


ALTER TABLE public.shares OWNER TO postgres;

--
-- Name: snmp_credentials; Type: TABLE; Schema: public; Owner: postgres
--

CREATE TABLE public.snmp_credentials (
    id uuid NOT NULL,
    organization_id uuid NOT NULL,
    created_at timestamp with time zone DEFAULT now() NOT NULL,
    updated_at timestamp with time zone DEFAULT now() NOT NULL,
    name text NOT NULL,
    version text DEFAULT 'V2c'::text NOT NULL,
    community text NOT NULL
);


ALTER TABLE public.snmp_credentials OWNER TO postgres;

--
-- Name: TABLE snmp_credentials; Type: COMMENT; Schema: public; Owner: postgres
--

COMMENT ON TABLE public.snmp_credentials IS 'SNMP credentials scoped to organization, reusable across networks';


--
-- Name: COLUMN snmp_credentials.version; Type: COMMENT; Schema: public; Owner: postgres
--

COMMENT ON COLUMN public.snmp_credentials.version IS 'SNMP version: V2c (MVP), V3 (future)';


--
-- Name: COLUMN snmp_credentials.community; Type: COMMENT; Schema: public; Owner: postgres
--

COMMENT ON COLUMN public.snmp_credentials.community IS 'SNMPv2c community string (encrypted)';


--
-- Name: subnets; Type: TABLE; Schema: public; Owner: postgres
--

CREATE TABLE public.subnets (
    id uuid NOT NULL,
    network_id uuid NOT NULL,
    created_at timestamp with time zone NOT NULL,
    updated_at timestamp with time zone NOT NULL,
    cidr text NOT NULL,
    name text NOT NULL,
    description text,
    subnet_type text NOT NULL,
    source jsonb NOT NULL
);


ALTER TABLE public.subnets OWNER TO postgres;

--
-- Name: tags; Type: TABLE; Schema: public; Owner: postgres
--

CREATE TABLE public.tags (
    id uuid NOT NULL,
    organization_id uuid NOT NULL,
    name text NOT NULL,
    description text,
    created_at timestamp with time zone NOT NULL,
    updated_at timestamp with time zone NOT NULL,
    color text NOT NULL
);


ALTER TABLE public.tags OWNER TO postgres;

--
-- Name: topologies; Type: TABLE; Schema: public; Owner: postgres
--

CREATE TABLE public.topologies (
    id uuid DEFAULT gen_random_uuid() NOT NULL,
    network_id uuid NOT NULL,
    name text NOT NULL,
    edges jsonb NOT NULL,
    nodes jsonb NOT NULL,
    options jsonb NOT NULL,
    hosts jsonb NOT NULL,
    subnets jsonb NOT NULL,
    services jsonb NOT NULL,
    groups jsonb NOT NULL,
    is_stale boolean,
    last_refreshed timestamp with time zone DEFAULT now() NOT NULL,
    is_locked boolean,
    locked_at timestamp with time zone,
    locked_by uuid,
    removed_hosts uuid[],
    removed_services uuid[],
    removed_subnets uuid[],
    removed_groups uuid[],
    parent_id uuid,
    created_at timestamp with time zone DEFAULT now() NOT NULL,
    updated_at timestamp with time zone DEFAULT now() NOT NULL,
    tags uuid[] DEFAULT '{}'::uuid[] NOT NULL,
    interfaces jsonb DEFAULT '[]'::jsonb NOT NULL,
    removed_interfaces uuid[] DEFAULT '{}'::uuid[],
    ports jsonb DEFAULT '[]'::jsonb NOT NULL,
    removed_ports uuid[] DEFAULT '{}'::uuid[],
    bindings jsonb DEFAULT '[]'::jsonb NOT NULL,
    removed_bindings uuid[] DEFAULT '{}'::uuid[],
    if_entries jsonb DEFAULT '[]'::jsonb NOT NULL,
    removed_if_entries uuid[] DEFAULT '{}'::uuid[],
    entity_tags jsonb DEFAULT '[]'::jsonb NOT NULL
);


ALTER TABLE public.topologies OWNER TO postgres;

--
-- Name: user_api_key_network_access; Type: TABLE; Schema: public; Owner: postgres
--

CREATE TABLE public.user_api_key_network_access (
    id uuid DEFAULT gen_random_uuid() NOT NULL,
    api_key_id uuid NOT NULL,
    network_id uuid NOT NULL,
    created_at timestamp with time zone DEFAULT now() NOT NULL
);


ALTER TABLE public.user_api_key_network_access OWNER TO postgres;

--
-- Name: user_api_keys; Type: TABLE; Schema: public; Owner: postgres
--

CREATE TABLE public.user_api_keys (
    id uuid DEFAULT gen_random_uuid() NOT NULL,
    key text NOT NULL,
    user_id uuid NOT NULL,
    organization_id uuid NOT NULL,
    permissions text DEFAULT 'Viewer'::text NOT NULL,
    name text NOT NULL,
    created_at timestamp with time zone DEFAULT now() NOT NULL,
    updated_at timestamp with time zone DEFAULT now() NOT NULL,
    last_used timestamp with time zone,
    expires_at timestamp with time zone,
    is_enabled boolean DEFAULT true NOT NULL
);


ALTER TABLE public.user_api_keys OWNER TO postgres;

--
-- Name: user_network_access; Type: TABLE; Schema: public; Owner: postgres
--

CREATE TABLE public.user_network_access (
    id uuid DEFAULT gen_random_uuid() NOT NULL,
    user_id uuid NOT NULL,
    network_id uuid NOT NULL,
    created_at timestamp with time zone DEFAULT now() NOT NULL
);


ALTER TABLE public.user_network_access OWNER TO postgres;

--
-- Name: users; Type: TABLE; Schema: public; Owner: postgres
--

CREATE TABLE public.users (
    id uuid NOT NULL,
    created_at timestamp with time zone NOT NULL,
    updated_at timestamp with time zone NOT NULL,
    password_hash text,
    oidc_provider text,
    oidc_subject text,
    oidc_linked_at timestamp with time zone,
    email text NOT NULL,
    organization_id uuid NOT NULL,
    permissions text DEFAULT 'Member'::text NOT NULL,
    tags uuid[] DEFAULT '{}'::uuid[] NOT NULL,
    terms_accepted_at timestamp with time zone,
    email_verified boolean DEFAULT false NOT NULL,
    email_verification_token text,
    email_verification_expires timestamp with time zone,
    password_reset_token text,
    password_reset_expires timestamp with time zone
);


ALTER TABLE public.users OWNER TO postgres;

--
-- Name: COLUMN users.organization_id; Type: COMMENT; Schema: public; Owner: postgres
--

COMMENT ON COLUMN public.users.organization_id IS 'The single organization this user belongs to';


--
-- Name: COLUMN users.permissions; Type: COMMENT; Schema: public; Owner: postgres
--

COMMENT ON COLUMN public.users.permissions IS 'User role within their organization: Owner, Member, Viewer';


--
-- Name: session; Type: TABLE; Schema: tower_sessions; Owner: postgres
--

CREATE TABLE tower_sessions.session (
    id text NOT NULL,
    data bytea NOT NULL,
    expiry_date timestamp with time zone NOT NULL
);


ALTER TABLE tower_sessions.session OWNER TO postgres;

--
-- Data for Name: _sqlx_migrations; Type: TABLE DATA; Schema: public; Owner: postgres
--

COPY public._sqlx_migrations (version, description, installed_on, success, checksum, execution_time) FROM stdin;
20251006215000	users	2026-02-04 01:53:38.133906+00	t	\\x4f13ce14ff67ef0b7145987c7b22b588745bf9fbb7b673450c26a0f2f9a36ef8ca980e456c8d77cfb1b2d7a4577a64d7	3570125
20251006215100	networks	2026-02-04 01:53:38.138417+00	t	\\xeaa5a07a262709f64f0c59f31e25519580c79e2d1a523ce72736848946a34b17dd9adc7498eaf90551af6b7ec6d4e0e3	10508319
20251006215151	create hosts	2026-02-04 01:53:38.149293+00	t	\\x6ec7487074c0724932d21df4cf1ed66645313cf62c159a7179e39cbc261bcb81a24f7933a0e3cf58504f2a90fc5c1962	3937299
20251006215155	create subnets	2026-02-04 01:53:38.153572+00	t	\\xefb5b25742bd5f4489b67351d9f2494a95f307428c911fd8c5f475bfb03926347bdc269bbd048d2ddb06336945b27926	3859494
20251006215201	create groups	2026-02-04 01:53:38.157771+00	t	\\x0a7032bf4d33a0baf020e905da865cde240e2a09dda2f62aa535b2c5d4b26b20be30a3286f1b5192bd94cd4a5dbb5bcd	3924475
20251006215204	create daemons	2026-02-04 01:53:38.162017+00	t	\\xcfea93403b1f9cf9aac374711d4ac72d8a223e3c38a1d2a06d9edb5f94e8a557debac3668271f8176368eadc5105349f	4193385
20251006215212	create services	2026-02-04 01:53:38.1666+00	t	\\xd5b07f82fc7c9da2782a364d46078d7d16b5c08df70cfbf02edcfe9b1b24ab6024ad159292aeea455f15cfd1f4740c1d	4706320
20251029193448	user-auth	2026-02-04 01:53:38.171646+00	t	\\xfde8161a8db89d51eeade7517d90a41d560f19645620f2298f78f116219a09728b18e91251ae31e46a47f6942d5a9032	5943493
20251030044828	daemon api	2026-02-04 01:53:38.177871+00	t	\\x181eb3541f51ef5b038b2064660370775d1b364547a214a20dde9c9d4bb95a1c273cd4525ef29e61fa65a3eb4fee0400	1482890
20251030170438	host-hide	2026-02-04 01:53:38.179669+00	t	\\x87c6fda7f8456bf610a78e8e98803158caa0e12857c5bab466a5bb0004d41b449004a68e728ca13f17e051f662a15454	1094687
20251102224919	create discovery	2026-02-04 01:53:38.181045+00	t	\\xb32a04abb891aba48f92a059fae7341442355ca8e4af5d109e28e2a4f79ee8e11b2a8f40453b7f6725c2dd6487f26573	11011686
20251106235621	normalize-daemon-cols	2026-02-04 01:53:38.192374+00	t	\\x5b137118d506e2708097c432358bf909265b3cf3bacd662b02e2c81ba589a9e0100631c7801cffd9c57bb10a6674fb3b	1957053
20251107034459	api keys	2026-02-04 01:53:38.194622+00	t	\\x3133ec043c0c6e25b6e55f7da84cae52b2a72488116938a2c669c8512c2efe72a74029912bcba1f2a2a0a8b59ef01dde	8187008
20251107222650	oidc-auth	2026-02-04 01:53:38.203099+00	t	\\xd349750e0298718cbcd98eaff6e152b3fb45c3d9d62d06eedeb26c75452e9ce1af65c3e52c9f2de4bd532939c2f31096	26319809
20251110181948	orgs-billing	2026-02-04 01:53:38.229787+00	t	\\x5bbea7a2dfc9d00213bd66b473289ddd66694eff8a4f3eaab937c985b64c5f8c3ad2d64e960afbb03f335ac6766687aa	10754307
20251113223656	group-enhancements	2026-02-04 01:53:38.240901+00	t	\\xbe0699486d85df2bd3edc1f0bf4f1f096d5b6c5070361702c4d203ec2bb640811be88bb1979cfe51b40805ad84d1de65	1106370
20251117032720	daemon-mode	2026-02-04 01:53:38.242281+00	t	\\xdd0d899c24b73d70e9970e54b2c748d6b6b55c856ca0f8590fe990da49cc46c700b1ce13f57ff65abd6711f4bd8a6481	1106710
20251118143058	set-default-plan	2026-02-04 01:53:38.243705+00	t	\\xd19142607aef84aac7cfb97d60d29bda764d26f513f2c72306734c03cec2651d23eee3ce6cacfd36ca52dbddc462f917	1206225
20251118225043	save-topology	2026-02-04 01:53:38.245187+00	t	\\x011a594740c69d8d0f8b0149d49d1b53cfbf948b7866ebd84403394139cb66a44277803462846b06e762577adc3e61a3	9685107
20251123232748	network-permissions	2026-02-04 01:53:38.255229+00	t	\\x161be7ae5721c06523d6488606f1a7b1f096193efa1183ecdd1c2c9a4a9f4cad4884e939018917314aaf261d9a3f97ae	3002148
20251125001342	billing-updates	2026-02-04 01:53:38.258555+00	t	\\xa235d153d95aeb676e3310a52ccb69dfbd7ca36bba975d5bbca165ceeec7196da12119f23597ea5276c364f90f23db1e	919923
20251128035448	org-onboarding-status	2026-02-04 01:53:38.259748+00	t	\\x1d7a7e9bf23b5078250f31934d1bc47bbaf463ace887e7746af30946e843de41badfc2b213ed64912a18e07b297663d8	1409623
20251129180942	nfs-consolidate	2026-02-04 01:53:38.261444+00	t	\\xb38f41d30699a475c2b967f8e43156f3b49bb10341bddbde01d9fb5ba805f6724685e27e53f7e49b6c8b59e29c74f98e	1181399
20251206052641	discovery-progress	2026-02-04 01:53:38.262897+00	t	\\x9d433b7b8c58d0d5437a104497e5e214febb2d1441a3ad7c28512e7497ed14fb9458e0d4ff786962a59954cb30da1447	1588777
20251206202200	plan-fix	2026-02-04 01:53:38.264764+00	t	\\x242f6699dbf485cf59a8d1b8cd9d7c43aeef635a9316be815a47e15238c5e4af88efaa0daf885be03572948dc0c9edac	992518
20251207061341	daemon-url	2026-02-04 01:53:38.266023+00	t	\\x01172455c4f2d0d57371d18ef66d2ab3b7a8525067ef8a86945c616982e6ce06f5ea1e1560a8f20dadcd5be2223e6df1	2300141
20251210045929	tags	2026-02-04 01:53:38.268658+00	t	\\xe3dde83d39f8552b5afcdc1493cddfeffe077751bf55472032bc8b35fc8fc2a2caa3b55b4c2354ace7de03c3977982db	8761905
20251210175035	terms	2026-02-04 01:53:38.277778+00	t	\\xe47f0cf7aba1bffa10798bede953da69fd4bfaebf9c75c76226507c558a3595c6bfc6ac8920d11398dbdf3b762769992	998959
20251213025048	hash-keys	2026-02-04 01:53:38.279065+00	t	\\xfc7cbb8ce61f0c225322297f7459dcbe362242b9001c06cb874b7f739cea7ae888d8f0cfaed6623bcbcb9ec54c8cd18b	11055508
20251214050638	scanopy	2026-02-04 01:53:38.29047+00	t	\\x0108bb39832305f024126211710689adc48d973ff66e5e59ff49468389b75c1ff95d1fbbb7bdb50e33ec1333a1f29ea6	1514469
20251215215724	topo-scanopy-fix	2026-02-04 01:53:38.292285+00	t	\\xed88a4b71b3c9b61d46322b5053362e5a25a9293cd3c420c9df9fcaeb3441254122b8a18f58c297f535c842b8a8b0a38	786584
20251217153736	category rename	2026-02-04 01:53:38.29338+00	t	\\x03af7ec905e11a77e25038a3c272645da96014da7c50c585a25cea3f9a7579faba3ff45114a5e589d144c9550ba42421	1766868
20251218053111	invite-persistence	2026-02-04 01:53:38.295452+00	t	\\x21d12f48b964acfd600f88e70ceb14abd9cf2a8a10db2eae2a6d8f44cf7d20749f93293631e6123e92b7c3c1793877c2	5190160
20251219211216	create shares	2026-02-04 01:53:38.300989+00	t	\\x036485debd3536f9e58ead728f461b925585911acf565970bf3b2ab295b12a2865606d6a56d334c5641dcd42adeb3d68	6710751
20251220170928	permissions-cleanup	2026-02-04 01:53:38.308026+00	t	\\x632f7b6702b494301e0d36fd3b900686b1a7f9936aef8c084b5880f1152b8256a125566e2b5ac40216eaadd3c4c64a03	1467221
20251220180000	commercial-to-community	2026-02-04 01:53:38.309794+00	t	\\x26fc298486c225f2f01271d611418377c403183ae51daf32fef104ec07c027f2017d138910c4fbfb5f49819a5f4194d6	887221
20251221010000	cleanup subnet type	2026-02-04 01:53:38.310982+00	t	\\xb521121f3fd3a10c0de816977ac2a2ffb6118f34f8474ffb9058722abc0dc4cf5cbec83bc6ee49e79a68e6b715087f40	903312
20251221020000	remove host target	2026-02-04 01:53:38.312173+00	t	\\x77b5f8872705676ca81a5704bd1eaee90b9a52b404bdaa27a23da2ffd4858d3e131680926a5a00ad2a0d7a24ba229046	991094
20251221030000	user network access	2026-02-04 01:53:38.313467+00	t	\\x5c23f5bb6b0b8ca699a17eee6730c4197a006ca21fecc79136a5e5697b9211a81b4cd08ceda70dace6a26408d021ff3a	7352235
20251221040000	interfaces table	2026-02-04 01:53:38.321145+00	t	\\xf7977b6f1e7e5108c614397d03a38c9bd9243fdc422575ec29610366a0c88f443de2132185878d8e291f06a50a8c3244	10524529
20251221050000	ports table	2026-02-04 01:53:38.332025+00	t	\\xdf72f9306b405be7be62c39003ef38408115e740b120f24e8c78b8e136574fff7965c52023b3bc476899613fa5f4fe35	9559323
20251221060000	bindings table	2026-02-04 01:53:38.341888+00	t	\\x933648a724bd179c7f47305e4080db85342d48712cde39374f0f88cde9d7eba8fe5fafba360937331e2a8178dec420c4	10860365
20251221070000	group bindings	2026-02-04 01:53:38.35309+00	t	\\x697475802f6c42e38deee6596f4ba786b09f7b7cd91742fbc5696dd0f9b3ddfce90dd905153f2b1a9e82f959f5a88302	6168903
20251222020000	tag cascade delete	2026-02-04 01:53:38.359688+00	t	\\xabfb48c0da8522f5c8ea6d482eb5a5f4562ed41f6160a5915f0fd477c7dd0517aa84760ef99ab3a5db3e0f21b0c69b5f	1171490
20251223232524	network remove default	2026-02-04 01:53:38.361148+00	t	\\x7099fe4e52405e46269d7ce364050da930b481e72484ad3c4772fd2911d2d505476d659fa9f400c63bc287512d033e18	969866
20251225100000	color enum	2026-02-04 01:53:38.362411+00	t	\\x62cecd9d79a49835a3bea68a7959ab62aa0c1aaa7e2940dec6a7f8a714362df3649f0c1f9313672d9268295ed5a1cfa9	1391310
20251227010000	topology snapshot migration	2026-02-04 01:53:38.364143+00	t	\\xc042591d254869c0e79c8b52a9ede680fd26f094e2c385f5f017e115f5e3f31ad155f4885d095344f2642ebb70755d54	4350027
20251228010000	user api keys	2026-02-04 01:53:38.368812+00	t	\\xa41adb558a5b9d94a4e17af3f16839b83f7da072dbeac9251b12d8a84c7bec6df008009acf246468712a975bb36bb5f5	11477053
20251230160000	daemon version and maintainer	2026-02-04 01:53:38.380748+00	t	\\xafed3d9f00adb8c1b0896fb663af801926c218472a0a197f90ecdaa13305a78846a9e15af0043ec010328ba533fca68f	2736944
20260103000000	service position	2026-02-04 01:53:38.383813+00	t	\\x19d00e8c8b300d1c74d721931f4d771ec7bc4e06db0d6a78126e00785586fdc4bcff5b832eeae2fce0cb8d01e12a7fb5	2092184
20260106000000	interface mac index	2026-02-04 01:53:38.386206+00	t	\\xa26248372a1e31af46a9c6fbdaef178982229e2ceeb90cc6a289d5764f87a38747294b3adf5f21276b5d171e42bdb6ac	1697560
20260106204402	entity tags junction	2026-02-04 01:53:38.388193+00	t	\\xf73c604f9f0b8db065d990a861684b0dbd62c3ef9bead120c68431c933774de56491a53f021e79f09801680152f5a08a	12842053
20260108033856	fix entity tags json format	2026-02-04 01:53:38.401385+00	t	\\x197eaa063d4f96dd0e897ad8fd96cc1ba9a54dda40a93a5c12eac14597e4dea4c806dd0a527736fb5807b7a8870d9916	1633671
20260110000000	email verification	2026-02-04 01:53:38.403298+00	t	\\xb8da8433f58ba4ce846b9fa0c2551795747a8473ad10266b19685504847458ea69d27a0ce430151cfb426f5f5fb6ac3a	3293751
20260114145808	daemon user fk set null	2026-02-04 01:53:38.40689+00	t	\\x57b060be9fc314d7c5851c75661ca8269118feea6cf7ee9c61b147a0e117c4d39642cf0d1acdf7a723a9a76066c1b8ff	1017954
20260116010000	snmp credentials	2026-02-04 01:53:38.40818+00	t	\\x6f3971cf194d56883c61fa795406a8ab568307ed86544920d098b32a6a1ebb7effcb5ec38a70fdc9b617eff92d63d51e	7026648
20260116020000	host snmp fields	2026-02-04 01:53:38.415563+00	t	\\xf2f088c13ab0dd34e1cb1e5327b0b4137440b0146e5ce1e78b8d2dfa05d9b5a12a328eeb807988453a8a43ad8a1c95ba	4298841
20260116030000	if entries	2026-02-04 01:53:38.420154+00	t	\\xa58391708f8b21901ab9250af528f638a6055462f70ffddfd7c451433aacdabd62825546fa8be108f23a3cae78b8ae28	13167228
20260116100000	daemon api key link	2026-02-04 01:53:38.433904+00	t	\\x41088aa314ab173344a6b416280721806b2f296a32a8d8cae58c7e5717f389fe599134ed03980ed97e4b7659e99c4f82	3116951
20260131190000	add hubspot company id	2026-02-04 01:53:38.437319+00	t	\\x4326f95f4954e176157c1c3e034074a3e5c44da4d60bbd7a9e4b6238c9ef52a30f8b38d3c887864b6e4c1163dc062beb	887232
20260201021238	fix service acronym capitalization	2026-02-04 01:53:38.438503+00	t	\\x88b010ac8f0223d880ea6a730f11dc6d27fa5de9d8747de3431e46d59f1dbf2f72ae4a87c2e52c32152549f5c1f96bb2	1421385
20260204004436	add entity tags to topology	2026-02-04 01:53:38.440195+00	t	\\x3eff1a1490e77065ec861ef1b9aad8c55de0170106a42720f7931b3929b179122b16e44390b2652771bf91bba32a7757	1139431
\.


--
-- Data for Name: api_keys; Type: TABLE DATA; Schema: public; Owner: postgres
--

COPY public.api_keys (id, key, network_id, name, created_at, updated_at, last_used, expires_at, is_enabled, plaintext) FROM stdin;
2ba4f106-0199-4270-9d2c-4995df044f5d	9224c53566262ad71085030ef42771b7f5d1bfdacf3a9f26d6fc17a786432827	7b14c1c7-03b7-4c80-8692-0a57c7e8273f	Compat Test API Key	2026-02-04 02:06:39.487512+00	2026-02-04 02:06:39.487512+00	2026-02-04 02:06:43.676693+00	\N	t	\N
ce8c47f8-2f61-467d-ba04-1ed009aa2395	1c394f217f29d83793b2818a840de5fd16b2d034115276f37b9f649ede632b13	7b14c1c7-03b7-4c80-8692-0a57c7e8273f	scanopy-daemon-serverpoll API Key	2026-02-04 01:59:52.6103+00	2026-02-04 01:59:52.6103+00	2026-02-04 02:06:45.979415+00	\N	t	scp_d_afQnNrfQglPGwdbEoTjNq4yBCvMgkxl3
f9896a7c-7dd1-4c7d-b394-fa598160118d	b0f6107bd64314184f4d7b0a26c3ea3ac318ae798c9d717a8c917b2df66d05b9	7b14c1c7-03b7-4c80-8692-0a57c7e8273f	Integrated Daemon API Key	2026-02-04 01:53:42.805143+00	2026-02-04 01:53:42.805143+00	2026-02-04 02:06:22.193659+00	\N	t	\N
\.


--
-- Data for Name: bindings; Type: TABLE DATA; Schema: public; Owner: postgres
--

COPY public.bindings (id, network_id, service_id, binding_type, interface_id, port_id, created_at, updated_at) FROM stdin;
8dd6e234-bbc3-4c38-8a0d-7262ee5bfae2	7b14c1c7-03b7-4c80-8692-0a57c7e8273f	8e9f9605-c6f9-4d09-8e7a-84ac0240c478	Port	d2ee5a09-ba6f-4532-b2d8-d3a452e33b6e	3daeb72a-b84b-4d26-af81-f0b524ca5c77	2026-02-04 01:53:52.226318+00	2026-02-04 01:53:52.226318+00
\.


--
-- Data for Name: daemons; Type: TABLE DATA; Schema: public; Owner: postgres
--

COPY public.daemons (id, network_id, host_id, created_at, last_seen, capabilities, updated_at, mode, url, name, version, user_id, api_key_id, is_unreachable) FROM stdin;
f774995b-9628-4db2-843d-f5a86f4cb14c	7b14c1c7-03b7-4c80-8692-0a57c7e8273f	dff5ca4b-e0bd-4837-a111-f97a28f592a6	2026-02-04 01:59:52.613318+00	2026-02-04 02:06:38.49919+00	{"has_docker_socket": false, "interfaced_subnet_ids": []}	2026-02-04 01:59:52.613318+00	"server_poll"	http://daemon-serverpoll:60074	scanopy-daemon-serverpoll	0.14.3	8b8ad0ed-f95b-48bd-9bff-9012fdce8a8c	ce8c47f8-2f61-467d-ba04-1ed009aa2395	f
bf6c81c9-9f46-4688-b79c-222f50f6ed61	7b14c1c7-03b7-4c80-8692-0a57c7e8273f	e0313f98-eeac-4055-beb3-7012a7bd7510	2026-02-04 01:53:42.879085+00	2026-02-04 02:06:43.624866+00	{"has_docker_socket": false, "interfaced_subnet_ids": ["ee6993f3-717e-4908-ba18-355d86d8d6d6"]}	2026-02-04 01:53:42.879085+00	"daemon_poll"		scanopy-daemon	0.14.3	8b8ad0ed-f95b-48bd-9bff-9012fdce8a8c	\N	f
\.


--
-- Data for Name: discovery; Type: TABLE DATA; Schema: public; Owner: postgres
--

COPY public.discovery (id, network_id, daemon_id, run_type, discovery_type, name, created_at, updated_at) FROM stdin;
d8c6fe20-4e76-4e4b-9cce-d2ace8b9f0e4	7b14c1c7-03b7-4c80-8692-0a57c7e8273f	bf6c81c9-9f46-4688-b79c-222f50f6ed61	{"type": "Scheduled", "enabled": true, "last_run": null, "cron_schedule": "0 0 0 * * *"}	{"type": "SelfReport", "host_id": "e0313f98-eeac-4055-beb3-7012a7bd7510"}	Self Report	2026-02-04 01:53:42.883307+00	2026-02-04 01:53:42.883307+00
b199c667-b4d1-49ce-9da4-ad3bba157231	7b14c1c7-03b7-4c80-8692-0a57c7e8273f	bf6c81c9-9f46-4688-b79c-222f50f6ed61	{"type": "Scheduled", "enabled": true, "last_run": null, "cron_schedule": "0 0 0 * * *"}	{"type": "Network", "subnet_ids": null, "snmp_credentials": {"ip_overrides": [], "default_credential": null}, "host_naming_fallback": "BestService"}	Network Discovery	2026-02-04 01:53:42.88538+00	2026-02-04 01:53:42.88538+00
48671cc7-3730-4b14-b2f8-afd220ddf224	7b14c1c7-03b7-4c80-8692-0a57c7e8273f	bf6c81c9-9f46-4688-b79c-222f50f6ed61	{"type": "Historical", "results": {"error": null, "phase": "Complete", "progress": 100, "daemon_id": "bf6c81c9-9f46-4688-b79c-222f50f6ed61", "network_id": "7b14c1c7-03b7-4c80-8692-0a57c7e8273f", "session_id": "927175d4-7258-4b40-a656-8412141305c5", "started_at": "2026-02-04T01:53:52.212090885Z", "finished_at": "2026-02-04T01:53:52.258242323Z", "discovery_type": {"type": "SelfReport", "host_id": "e0313f98-eeac-4055-beb3-7012a7bd7510"}}}	{"type": "SelfReport", "host_id": "e0313f98-eeac-4055-beb3-7012a7bd7510"}	Self Report	2026-02-04 01:53:52.21209+00	2026-02-04 01:53:52.263222+00
0a9efa18-e124-4770-8bf1-66c8d9b044fe	7b14c1c7-03b7-4c80-8692-0a57c7e8273f	bf6c81c9-9f46-4688-b79c-222f50f6ed61	{"type": "Historical", "results": {"error": null, "phase": "Complete", "progress": 100, "daemon_id": "bf6c81c9-9f46-4688-b79c-222f50f6ed61", "network_id": "7b14c1c7-03b7-4c80-8692-0a57c7e8273f", "session_id": "4e1e43c0-b63f-41df-ba3a-71683fef4763", "started_at": "2026-02-04T01:54:22.209258404Z", "finished_at": "2026-02-04T01:59:52.238466868Z", "discovery_type": {"type": "Network", "subnet_ids": null, "snmp_credentials": {"ip_overrides": [], "default_credential": null}, "host_naming_fallback": "BestService"}}}	{"type": "Network", "subnet_ids": null, "snmp_credentials": {"ip_overrides": [], "default_credential": null}, "host_naming_fallback": "BestService"}	Network Discovery	2026-02-04 01:54:22.209258+00	2026-02-04 01:59:52.242804+00
62029aed-24fe-41c7-9da6-316ec8a891f3	7b14c1c7-03b7-4c80-8692-0a57c7e8273f	f774995b-9628-4db2-843d-f5a86f4cb14c	{"type": "AdHoc", "last_run": "2026-02-04T01:59:52.981554Z"}	{"type": "Network", "subnet_ids": null, "snmp_credentials": {"ip_overrides": [], "default_credential": null}, "host_naming_fallback": "BestService"}	ServerPoll Integration Test Discovery	2026-02-04 01:59:52.971848+00	2026-02-04 01:59:52.971848+00
4911af7c-9895-45b5-80c0-86b2640fb0c8	7b14c1c7-03b7-4c80-8692-0a57c7e8273f	f774995b-9628-4db2-843d-f5a86f4cb14c	{"type": "Scheduled", "enabled": true, "last_run": null, "cron_schedule": "0 0 0 * * *"}	{"type": "SelfReport", "host_id": "dff5ca4b-e0bd-4837-a111-f97a28f592a6"}	Self Report	2026-02-04 02:00:08.50427+00	2026-02-04 02:00:08.50427+00
6f71949d-b588-4822-9718-ca2a0f626ab5	7b14c1c7-03b7-4c80-8692-0a57c7e8273f	f774995b-9628-4db2-843d-f5a86f4cb14c	{"type": "Scheduled", "enabled": true, "last_run": null, "cron_schedule": "0 0 0 * * *"}	{"type": "Network", "subnet_ids": null, "snmp_credentials": {"ip_overrides": [], "default_credential": null}, "host_naming_fallback": "BestService"}	Network Discovery	2026-02-04 02:00:08.50625+00	2026-02-04 02:00:08.50625+00
ad85c4dd-d095-475e-bcbf-61f63aba9bef	7b14c1c7-03b7-4c80-8692-0a57c7e8273f	f774995b-9628-4db2-843d-f5a86f4cb14c	{"type": "Historical", "results": {"error": null, "phase": "Complete", "progress": 100, "daemon_id": "f774995b-9628-4db2-843d-f5a86f4cb14c", "network_id": "7b14c1c7-03b7-4c80-8692-0a57c7e8273f", "session_id": "0ffe5496-d64e-41a0-ab86-ff28eed28819", "started_at": "2026-02-04T02:00:38.542462976Z", "finished_at": "2026-02-04T02:06:38.574000080Z", "discovery_type": {"type": "Network", "subnet_ids": null, "snmp_credentials": {"ip_overrides": [], "default_credential": null}, "host_naming_fallback": "BestService"}}}	{"type": "Network", "subnet_ids": null, "snmp_credentials": {"ip_overrides": [], "default_credential": null}, "host_naming_fallback": "BestService"}	Network Discovery	2026-02-04 02:00:38.542462+00	2026-02-04 02:06:38.579492+00
79e37b81-3d88-4192-899b-9afe9060de7e	7b14c1c7-03b7-4c80-8692-0a57c7e8273f	f774995b-9628-4db2-843d-f5a86f4cb14c	{"type": "Historical", "results": {"error": null, "phase": "Cancelled", "progress": 0, "daemon_id": "f774995b-9628-4db2-843d-f5a86f4cb14c", "network_id": "7b14c1c7-03b7-4c80-8692-0a57c7e8273f", "session_id": "f2d5414b-3369-4280-929d-5422dd11a4b4", "started_at": "2026-02-04T02:06:44.396505189Z", "finished_at": "2026-02-04T02:06:44.402575960Z", "discovery_type": {"type": "SelfReport", "host_id": "8f6b3991-b3ef-4d1d-9708-d2f57289a34f"}}}	{"type": "SelfReport", "host_id": "8f6b3991-b3ef-4d1d-9708-d2f57289a34f"}	Self Report	2026-02-04 02:06:44.396505+00	2026-02-04 02:06:44.4089+00
6f79a1a3-55c2-4ac3-98bf-b94aba410d3b	7b14c1c7-03b7-4c80-8692-0a57c7e8273f	f774995b-9628-4db2-843d-f5a86f4cb14c	{"type": "Historical", "results": {"error": null, "phase": "Cancelled", "progress": 0, "daemon_id": "f774995b-9628-4db2-843d-f5a86f4cb14c", "network_id": "7b14c1c7-03b7-4c80-8692-0a57c7e8273f", "session_id": "6845dcc8-6ea0-47af-9ce3-054b8cf1f667", "started_at": "2026-02-04T02:06:44.655234805Z", "finished_at": "2026-02-04T02:06:44.661054524Z", "discovery_type": {"type": "SelfReport", "host_id": "1438e666-92b6-4fad-bc37-aa2717d9ba42"}}}	{"type": "SelfReport", "host_id": "1438e666-92b6-4fad-bc37-aa2717d9ba42"}	Self Report	2026-02-04 02:06:44.655234+00	2026-02-04 02:06:44.66732+00
cc17cbf0-b903-4f9b-b0ff-98ad656fcbbc	7b14c1c7-03b7-4c80-8692-0a57c7e8273f	bf6c81c9-9f46-4688-b79c-222f50f6ed61	{"type": "Historical", "results": {"error": null, "phase": "Cancelled", "progress": 0, "daemon_id": "bf6c81c9-9f46-4688-b79c-222f50f6ed61", "network_id": "7b14c1c7-03b7-4c80-8692-0a57c7e8273f", "session_id": "f2d5414b-3369-4280-929d-5422dd11a4b4", "started_at": "2026-02-04T02:06:44.918699447Z", "finished_at": "2026-02-04T02:06:44.924661229Z", "discovery_type": {"type": "SelfReport", "host_id": "8f6b3991-b3ef-4d1d-9708-d2f57289a34f"}}}	{"type": "SelfReport", "host_id": "8f6b3991-b3ef-4d1d-9708-d2f57289a34f"}	Self Report	2026-02-04 02:06:44.918699+00	2026-02-04 02:06:44.929072+00
94284d81-b260-456f-8af7-760a107b65d9	7b14c1c7-03b7-4c80-8692-0a57c7e8273f	bf6c81c9-9f46-4688-b79c-222f50f6ed61	{"type": "Historical", "results": {"error": null, "phase": "Cancelled", "progress": 0, "daemon_id": "bf6c81c9-9f46-4688-b79c-222f50f6ed61", "network_id": "7b14c1c7-03b7-4c80-8692-0a57c7e8273f", "session_id": "7f54ecab-3771-4583-a7d0-f12569030e17", "started_at": "2026-02-04T02:06:45.451848584Z", "finished_at": "2026-02-04T02:06:45.458186518Z", "discovery_type": {"type": "SelfReport", "host_id": "f738b076-a24e-4db2-800c-a0f10bb44b16"}}}	{"type": "SelfReport", "host_id": "f738b076-a24e-4db2-800c-a0f10bb44b16"}	Self Report	2026-02-04 02:06:45.451848+00	2026-02-04 02:06:45.462187+00
a87129ea-da08-437a-967d-336aa1732a47	7b14c1c7-03b7-4c80-8692-0a57c7e8273f	bf6c81c9-9f46-4688-b79c-222f50f6ed61	{"type": "Historical", "results": {"error": null, "phase": "Cancelled", "progress": 0, "daemon_id": "bf6c81c9-9f46-4688-b79c-222f50f6ed61", "network_id": "7b14c1c7-03b7-4c80-8692-0a57c7e8273f", "session_id": "b64df0ca-f173-4ba8-a48b-edf7e372974a", "started_at": "2026-02-04T02:06:45.712590434Z", "finished_at": "2026-02-04T02:06:45.718129558Z", "discovery_type": {"type": "SelfReport", "host_id": "09900acc-93fd-4af9-8a9b-9f45ace7475c"}}}	{"type": "SelfReport", "host_id": "09900acc-93fd-4af9-8a9b-9f45ace7475c"}	Self Report	2026-02-04 02:06:45.71259+00	2026-02-04 02:06:45.722155+00
6f7952c2-b788-4801-882d-4691d1ad856d	7b14c1c7-03b7-4c80-8692-0a57c7e8273f	bf6c81c9-9f46-4688-b79c-222f50f6ed61	{"type": "Historical", "results": {"error": null, "phase": "Cancelled", "progress": 0, "daemon_id": "bf6c81c9-9f46-4688-b79c-222f50f6ed61", "network_id": "7b14c1c7-03b7-4c80-8692-0a57c7e8273f", "session_id": "c8c6530c-aaff-4d7c-a872-ba4457906d77", "started_at": "2026-02-04T02:06:45.972533343Z", "finished_at": "2026-02-04T02:06:45.978229089Z", "discovery_type": {"type": "SelfReport", "host_id": "cc741d90-bcc0-4653-b38b-52b23f9e6a61"}}}	{"type": "SelfReport", "host_id": "cc741d90-bcc0-4653-b38b-52b23f9e6a61"}	Self Report	2026-02-04 02:06:45.972533+00	2026-02-04 02:06:45.982383+00
\.


--
-- Data for Name: entity_tags; Type: TABLE DATA; Schema: public; Owner: postgres
--

COPY public.entity_tags (id, entity_id, entity_type, tag_id, created_at) FROM stdin;
a7e90da1-bb79-44f9-b6c5-8b3d0ad8ee37	307580d7-b931-433c-9d69-748f41dcffa0	"Service"	354fc987-e4b5-425d-8955-99f53bdcf7ee	2026-02-04 02:06:38.601773+00
\.


--
-- Data for Name: group_bindings; Type: TABLE DATA; Schema: public; Owner: postgres
--

COPY public.group_bindings (id, group_id, binding_id, "position", created_at) FROM stdin;
\.


--
-- Data for Name: groups; Type: TABLE DATA; Schema: public; Owner: postgres
--

COPY public.groups (id, network_id, name, description, created_at, updated_at, source, color, edge_style, group_type) FROM stdin;
280ea252-d568-4610-9d28-e9941bfc467d	7b14c1c7-03b7-4c80-8692-0a57c7e8273f		\N	2026-02-04 02:06:38.604025+00	2026-02-04 02:06:38.604025+00	{"type": "Manual"}	Yellow	"SmoothStep"	RequestPath
\.


--
-- Data for Name: hosts; Type: TABLE DATA; Schema: public; Owner: postgres
--

COPY public.hosts (id, network_id, name, hostname, description, source, virtualization, created_at, updated_at, hidden, sys_descr, sys_object_id, sys_location, sys_contact, management_url, chassis_id, snmp_credential_id) FROM stdin;
e0313f98-eeac-4055-beb3-7012a7bd7510	7b14c1c7-03b7-4c80-8692-0a57c7e8273f	8a6dba658d43	8a6dba658d43	Scanopy daemon	{"type": "Discovery", "metadata": [{"date": "2026-02-04T01:53:52.226301194Z", "type": "SelfReport", "host_id": "e0313f98-eeac-4055-beb3-7012a7bd7510", "daemon_id": "bf6c81c9-9f46-4688-b79c-222f50f6ed61"}]}	null	2026-02-04 01:53:52.226306+00	2026-02-04 01:53:52.226306+00	f	\N	\N	\N	\N	\N	\N	\N
\.


--
-- Data for Name: if_entries; Type: TABLE DATA; Schema: public; Owner: postgres
--

COPY public.if_entries (id, host_id, network_id, created_at, updated_at, if_index, if_descr, if_alias, if_type, speed_bps, admin_status, oper_status, mac_address, interface_id, neighbor_if_entry_id, neighbor_host_id, lldp_chassis_id, lldp_port_id, lldp_sys_name, lldp_port_desc, lldp_mgmt_addr, lldp_sys_desc, cdp_device_id, cdp_port_id, cdp_platform, cdp_address) FROM stdin;
\.


--
-- Data for Name: interfaces; Type: TABLE DATA; Schema: public; Owner: postgres
--

COPY public.interfaces (id, network_id, host_id, subnet_id, ip_address, mac_address, name, "position", created_at, updated_at) FROM stdin;
d2ee5a09-ba6f-4532-b2d8-d3a452e33b6e	7b14c1c7-03b7-4c80-8692-0a57c7e8273f	e0313f98-eeac-4055-beb3-7012a7bd7510	ee6993f3-717e-4908-ba18-355d86d8d6d6	172.25.0.4	66:5f:80:46:97:e6	eth0	0	2026-02-04 01:53:52.217082+00	2026-02-04 01:53:52.217082+00
\.


--
-- Data for Name: invites; Type: TABLE DATA; Schema: public; Owner: postgres
--

COPY public.invites (id, organization_id, permissions, network_ids, url, created_by, created_at, updated_at, expires_at, send_to) FROM stdin;
\.


--
-- Data for Name: networks; Type: TABLE DATA; Schema: public; Owner: postgres
--

COPY public.networks (id, name, created_at, updated_at, organization_id, snmp_credential_id) FROM stdin;
7b14c1c7-03b7-4c80-8692-0a57c7e8273f	My Network	2026-02-04 01:53:42.785653+00	2026-02-04 01:53:42.785653+00	715a3f26-7514-4ec0-aba2-3747d3ca3e28	\N
\.


--
-- Data for Name: organizations; Type: TABLE DATA; Schema: public; Owner: postgres
--

COPY public.organizations (id, name, stripe_customer_id, plan, plan_status, created_at, updated_at, onboarding, hubspot_company_id) FROM stdin;
715a3f26-7514-4ec0-aba2-3747d3ca3e28	My Organization	\N	{"rate": "Month", "type": "Community", "base_cents": 0, "trial_days": 0}	active	2026-02-04 01:53:42.777172+00	2026-02-04 01:53:42.777172+00	["OnboardingModalCompleted", "FirstDaemonRegistered", "FirstApiKeyCreated"]	\N
\.


--
-- Data for Name: ports; Type: TABLE DATA; Schema: public; Owner: postgres
--

COPY public.ports (id, network_id, host_id, port_number, protocol, port_type, created_at, updated_at) FROM stdin;
3daeb72a-b84b-4d26-af81-f0b524ca5c77	7b14c1c7-03b7-4c80-8692-0a57c7e8273f	e0313f98-eeac-4055-beb3-7012a7bd7510	60073	Tcp	Custom	2026-02-04 01:53:52.226144+00	2026-02-04 01:53:52.226144+00
\.


--
-- Data for Name: services; Type: TABLE DATA; Schema: public; Owner: postgres
--

COPY public.services (id, network_id, created_at, updated_at, name, host_id, service_definition, virtualization, source, "position") FROM stdin;
8e9f9605-c6f9-4d09-8e7a-84ac0240c478	7b14c1c7-03b7-4c80-8692-0a57c7e8273f	2026-02-04 01:53:52.226322+00	2026-02-04 01:53:52.226322+00	Scanopy Daemon	e0313f98-eeac-4055-beb3-7012a7bd7510	"Scanopy Daemon"	null	{"type": "DiscoveryWithMatch", "details": {"reason": {"data": "Scanopy Daemon self-report", "type": "reason"}, "confidence": "Certain"}, "metadata": [{"date": "2026-02-04T01:53:52.226322093Z", "type": "SelfReport", "host_id": "e0313f98-eeac-4055-beb3-7012a7bd7510", "daemon_id": "bf6c81c9-9f46-4688-b79c-222f50f6ed61"}]}	0
\.


--
-- Data for Name: shares; Type: TABLE DATA; Schema: public; Owner: postgres
--

COPY public.shares (id, topology_id, network_id, created_by, name, is_enabled, expires_at, password_hash, allowed_domains, options, created_at, updated_at) FROM stdin;
\.


--
-- Data for Name: snmp_credentials; Type: TABLE DATA; Schema: public; Owner: postgres
--

COPY public.snmp_credentials (id, organization_id, created_at, updated_at, name, version, community) FROM stdin;
\.


--
-- Data for Name: subnets; Type: TABLE DATA; Schema: public; Owner: postgres
--

COPY public.subnets (id, network_id, created_at, updated_at, cidr, name, description, subnet_type, source) FROM stdin;
ee6993f3-717e-4908-ba18-355d86d8d6d6	7b14c1c7-03b7-4c80-8692-0a57c7e8273f	2026-02-04 01:53:52.20345+00	2026-02-04 01:53:52.20345+00	"172.25.0.0/28"	172.25.0.0/28	\N	Lan	{"type": "Discovery", "metadata": [{"date": "2026-02-04T01:53:52.203445756Z", "type": "SelfReport", "host_id": "e0313f98-eeac-4055-beb3-7012a7bd7510", "daemon_id": "bf6c81c9-9f46-4688-b79c-222f50f6ed61"}]}
\.


--
-- Data for Name: tags; Type: TABLE DATA; Schema: public; Owner: postgres
--

COPY public.tags (id, organization_id, name, description, created_at, updated_at, color) FROM stdin;
354fc987-e4b5-425d-8955-99f53bdcf7ee	715a3f26-7514-4ec0-aba2-3747d3ca3e28	Integration Test Tag	\N	2026-02-04 02:06:38.589536+00	2026-02-04 02:06:38.589536+00	Yellow
\.


--
-- Data for Name: topologies; Type: TABLE DATA; Schema: public; Owner: postgres
--

COPY public.topologies (id, network_id, name, edges, nodes, options, hosts, subnets, services, groups, is_stale, last_refreshed, is_locked, locked_at, locked_by, removed_hosts, removed_services, removed_subnets, removed_groups, parent_id, created_at, updated_at, tags, interfaces, removed_interfaces, ports, removed_ports, bindings, removed_bindings, if_entries, removed_if_entries, entity_tags) FROM stdin;
d4f28ae9-0a33-426b-9b1a-1ed0f7842cbc	7b14c1c7-03b7-4c80-8692-0a57c7e8273f	My Topology	[]	[]	{"local": {"tag_filter": {"hidden_host_tag_ids": [], "hidden_subnet_tag_ids": [], "hidden_service_tag_ids": []}, "no_fade_edges": false, "hide_edge_types": [], "left_zone_title": "Infrastructure", "hide_resize_handles": false}, "request": {"hide_ports": false, "hide_service_categories": [], "show_gateway_in_left_zone": true, "group_docker_bridges_by_host": true, "left_zone_service_categories": ["DNS", "ReverseProxy"], "hide_vm_title_on_docker_container": false}}	[]	[{"id": "ee6993f3-717e-4908-ba18-355d86d8d6d6", "cidr": "172.25.0.0/28", "name": "172.25.0.0/28", "tags": [], "source": {"type": "Discovery", "metadata": [{"date": "2026-02-04T01:53:52.203445756Z", "type": "SelfReport", "host_id": "e0313f98-eeac-4055-beb3-7012a7bd7510", "daemon_id": "bf6c81c9-9f46-4688-b79c-222f50f6ed61"}]}, "created_at": "2026-02-04T01:53:52.203450Z", "network_id": "7b14c1c7-03b7-4c80-8692-0a57c7e8273f", "updated_at": "2026-02-04T01:53:52.203450Z", "description": null, "subnet_type": "Lan"}]	[{"id": "8e9f9605-c6f9-4d09-8e7a-84ac0240c478", "name": "Scanopy Daemon", "tags": [], "source": {"type": "DiscoveryWithMatch", "details": {"reason": {"data": "Scanopy Daemon self-report", "type": "reason"}, "confidence": "Certain"}, "metadata": [{"date": "2026-02-04T01:53:52.226322093Z", "type": "SelfReport", "host_id": "e0313f98-eeac-4055-beb3-7012a7bd7510", "daemon_id": "bf6c81c9-9f46-4688-b79c-222f50f6ed61"}]}, "host_id": "e0313f98-eeac-4055-beb3-7012a7bd7510", "bindings": [{"id": "8dd6e234-bbc3-4c38-8a0d-7262ee5bfae2", "type": "Port", "port_id": "3daeb72a-b84b-4d26-af81-f0b524ca5c77", "created_at": "2026-02-04T01:53:52.226318Z", "network_id": "7b14c1c7-03b7-4c80-8692-0a57c7e8273f", "service_id": "8e9f9605-c6f9-4d09-8e7a-84ac0240c478", "updated_at": "2026-02-04T01:53:52.226318Z", "interface_id": "d2ee5a09-ba6f-4532-b2d8-d3a452e33b6e"}], "position": 0, "created_at": "2026-02-04T01:53:52.226322Z", "network_id": "7b14c1c7-03b7-4c80-8692-0a57c7e8273f", "updated_at": "2026-02-04T01:53:52.226322Z", "virtualization": null, "service_definition": "Scanopy Daemon"}]	[]	t	2026-02-04 01:53:42.803273+00	f	\N	\N	{de2d34d9-0c58-43cd-bbd2-5369523a167e,60320051-5cbf-465c-8e17-298719f15638,1cad15a8-c83e-4687-b555-b06c542c59e0}	{b6b69d23-8f20-4f50-8b96-0c504910d30f}	{bab7d8f1-3e3a-482c-a5af-023dcb658d0e}	{f81d7cbc-0bf4-4e06-97cf-992949bd7799}	\N	2026-02-04 01:53:42.791163+00	2026-02-04 01:53:42.791163+00	{}	[]	{}	[]	{}	[]	{}	[]	{}	[]
\.


--
-- Data for Name: user_api_key_network_access; Type: TABLE DATA; Schema: public; Owner: postgres
--

COPY public.user_api_key_network_access (id, api_key_id, network_id, created_at) FROM stdin;
\.


--
-- Data for Name: user_api_keys; Type: TABLE DATA; Schema: public; Owner: postgres
--

COPY public.user_api_keys (id, key, user_id, organization_id, permissions, name, created_at, updated_at, last_used, expires_at, is_enabled) FROM stdin;
\.


--
-- Data for Name: user_network_access; Type: TABLE DATA; Schema: public; Owner: postgres
--

COPY public.user_network_access (id, user_id, network_id, created_at) FROM stdin;
\.


--
-- Data for Name: users; Type: TABLE DATA; Schema: public; Owner: postgres
--

COPY public.users (id, created_at, updated_at, password_hash, oidc_provider, oidc_subject, oidc_linked_at, email, organization_id, permissions, tags, terms_accepted_at, email_verified, email_verification_token, email_verification_expires, password_reset_token, password_reset_expires) FROM stdin;
8b8ad0ed-f95b-48bd-9bff-9012fdce8a8c	2026-02-04 01:53:42.780243+00	2026-02-04 01:53:42.780243+00	$argon2id$v=19$m=19456,t=2,p=1$dVJ6nG9++FqyeuE4ktAaxw$VqOZT494v9Fl/yZDtepK3PZgmXO7QLOozzQvx4t6TXs	\N	\N	\N	user@gmail.com	715a3f26-7514-4ec0-aba2-3747d3ca3e28	Owner	{}	\N	t	\N	\N	\N	\N
11673987-68f2-4704-8893-b6cb70342478	2026-02-04 02:06:47.78126+00	2026-02-04 02:06:47.78126+00	\N	\N	\N	\N	user@example.com	715a3f26-7514-4ec0-aba2-3747d3ca3e28	Owner	{}	\N	f	\N	\N	\N	\N
\.


--
-- Data for Name: session; Type: TABLE DATA; Schema: tower_sessions; Owner: postgres
--

COPY tower_sessions.session (id, data, expiry_date) FROM stdin;
ARhGiBfrjFZg5QHLvMU5cA	\\x93c4107039c5bccb01e560568ceb178846180181a7757365725f6964d92438623861643065642d663935622d343862642d396266662d39303132666463653861386399cd07ea2a01352ace356fd469000000	2026-02-11 01:53:42.896521+00
fNoTRI8MvL-5KEPqv44VNQ	\\x93c41035158ebfea4328b9bfbc0c8f4413da7c82a7757365725f6964d92438623861643065642d663935622d343862642d396266662d393031326664636538613863ad70656e64696e675f736574757082a86e6574776f726b739183a46e616d65aa4d79204e6574776f726baa6e6574776f726b5f6964d92464313338643364362d623639622d343636362d623335342d663233613134653763383461ac736e6d705f656e61626c6564c2a86f72675f6e616d65af4d79204f7267616e697a6174696f6e99cd07ea2a020627ce1cf14c76000000	2026-02-11 02:06:39.485575+00
8LeiE5bKfTx7y66fqBq26w	\\x93c410ebb61aa89faecb7b3c7dca9613a2b7f082a7757365725f6964d92438623861643065642d663935622d343862642d396266662d393031326664636538613863ad70656e64696e675f736574757082a86e6574776f726b739183a46e616d65aa4d79204e6574776f726baa6e6574776f726b5f6964d92465306466326533322d326663312d346139622d383064652d633266396538623738656333ac736e6d705f656e61626c6564c2a86f72675f6e616d65af4d79204f7267616e697a6174696f6e99cd07ea2a02062cce0d68ccf3000000	2026-02-11 02:06:44.224972+00
JeaA4dMujsr6oczsVnzkxg	\\x93c410c6e47c56eccca1faca8e2ed3e180e62582a7757365725f6964d92438623861643065642d663935622d343862642d396266662d393031326664636538613863ad70656e64696e675f736574757082a86e6574776f726b739183a46e616d65aa4d79204e6574776f726baa6e6574776f726b5f6964d92432303466393033632d643363612d346632372d623838302d366438383039333035303538ac736e6d705f656e61626c6564c2a86f72675f6e616d65af4d79204f7267616e697a6174696f6e99cd07ea2a02062ece39d4f5f2000000	2026-02-11 02:06:46.970257+00
\.


--
-- Name: _sqlx_migrations _sqlx_migrations_pkey; Type: CONSTRAINT; Schema: public; Owner: postgres
--

ALTER TABLE ONLY public._sqlx_migrations
    ADD CONSTRAINT _sqlx_migrations_pkey PRIMARY KEY (version);


--
-- Name: api_keys api_keys_key_key; Type: CONSTRAINT; Schema: public; Owner: postgres
--

ALTER TABLE ONLY public.api_keys
    ADD CONSTRAINT api_keys_key_key UNIQUE (key);


--
-- Name: api_keys api_keys_pkey; Type: CONSTRAINT; Schema: public; Owner: postgres
--

ALTER TABLE ONLY public.api_keys
    ADD CONSTRAINT api_keys_pkey PRIMARY KEY (id);


--
-- Name: bindings bindings_pkey; Type: CONSTRAINT; Schema: public; Owner: postgres
--

ALTER TABLE ONLY public.bindings
    ADD CONSTRAINT bindings_pkey PRIMARY KEY (id);


--
-- Name: daemons daemons_pkey; Type: CONSTRAINT; Schema: public; Owner: postgres
--

ALTER TABLE ONLY public.daemons
    ADD CONSTRAINT daemons_pkey PRIMARY KEY (id);


--
-- Name: discovery discovery_pkey; Type: CONSTRAINT; Schema: public; Owner: postgres
--

ALTER TABLE ONLY public.discovery
    ADD CONSTRAINT discovery_pkey PRIMARY KEY (id);


--
-- Name: entity_tags entity_tags_entity_id_entity_type_tag_id_key; Type: CONSTRAINT; Schema: public; Owner: postgres
--

ALTER TABLE ONLY public.entity_tags
    ADD CONSTRAINT entity_tags_entity_id_entity_type_tag_id_key UNIQUE (entity_id, entity_type, tag_id);


--
-- Name: entity_tags entity_tags_pkey; Type: CONSTRAINT; Schema: public; Owner: postgres
--

ALTER TABLE ONLY public.entity_tags
    ADD CONSTRAINT entity_tags_pkey PRIMARY KEY (id);


--
-- Name: group_bindings group_bindings_group_id_binding_id_key; Type: CONSTRAINT; Schema: public; Owner: postgres
--

ALTER TABLE ONLY public.group_bindings
    ADD CONSTRAINT group_bindings_group_id_binding_id_key UNIQUE (group_id, binding_id);


--
-- Name: group_bindings group_bindings_pkey; Type: CONSTRAINT; Schema: public; Owner: postgres
--

ALTER TABLE ONLY public.group_bindings
    ADD CONSTRAINT group_bindings_pkey PRIMARY KEY (id);


--
-- Name: groups groups_pkey; Type: CONSTRAINT; Schema: public; Owner: postgres
--

ALTER TABLE ONLY public.groups
    ADD CONSTRAINT groups_pkey PRIMARY KEY (id);


--
-- Name: hosts hosts_pkey; Type: CONSTRAINT; Schema: public; Owner: postgres
--

ALTER TABLE ONLY public.hosts
    ADD CONSTRAINT hosts_pkey PRIMARY KEY (id);


--
-- Name: if_entries if_entries_host_id_if_index_key; Type: CONSTRAINT; Schema: public; Owner: postgres
--

ALTER TABLE ONLY public.if_entries
    ADD CONSTRAINT if_entries_host_id_if_index_key UNIQUE (host_id, if_index);


--
-- Name: if_entries if_entries_pkey; Type: CONSTRAINT; Schema: public; Owner: postgres
--

ALTER TABLE ONLY public.if_entries
    ADD CONSTRAINT if_entries_pkey PRIMARY KEY (id);


--
-- Name: interfaces interfaces_host_id_subnet_id_ip_address_key; Type: CONSTRAINT; Schema: public; Owner: postgres
--

ALTER TABLE ONLY public.interfaces
    ADD CONSTRAINT interfaces_host_id_subnet_id_ip_address_key UNIQUE (host_id, subnet_id, ip_address);


--
-- Name: interfaces interfaces_pkey; Type: CONSTRAINT; Schema: public; Owner: postgres
--

ALTER TABLE ONLY public.interfaces
    ADD CONSTRAINT interfaces_pkey PRIMARY KEY (id);


--
-- Name: invites invites_pkey; Type: CONSTRAINT; Schema: public; Owner: postgres
--

ALTER TABLE ONLY public.invites
    ADD CONSTRAINT invites_pkey PRIMARY KEY (id);


--
-- Name: networks networks_pkey; Type: CONSTRAINT; Schema: public; Owner: postgres
--

ALTER TABLE ONLY public.networks
    ADD CONSTRAINT networks_pkey PRIMARY KEY (id);


--
-- Name: organizations organizations_pkey; Type: CONSTRAINT; Schema: public; Owner: postgres
--

ALTER TABLE ONLY public.organizations
    ADD CONSTRAINT organizations_pkey PRIMARY KEY (id);


--
-- Name: ports ports_host_id_port_number_protocol_key; Type: CONSTRAINT; Schema: public; Owner: postgres
--

ALTER TABLE ONLY public.ports
    ADD CONSTRAINT ports_host_id_port_number_protocol_key UNIQUE (host_id, port_number, protocol);


--
-- Name: ports ports_pkey; Type: CONSTRAINT; Schema: public; Owner: postgres
--

ALTER TABLE ONLY public.ports
    ADD CONSTRAINT ports_pkey PRIMARY KEY (id);


--
-- Name: services services_pkey; Type: CONSTRAINT; Schema: public; Owner: postgres
--

ALTER TABLE ONLY public.services
    ADD CONSTRAINT services_pkey PRIMARY KEY (id);


--
-- Name: shares shares_pkey; Type: CONSTRAINT; Schema: public; Owner: postgres
--

ALTER TABLE ONLY public.shares
    ADD CONSTRAINT shares_pkey PRIMARY KEY (id);


--
-- Name: snmp_credentials snmp_credentials_organization_id_name_key; Type: CONSTRAINT; Schema: public; Owner: postgres
--

ALTER TABLE ONLY public.snmp_credentials
    ADD CONSTRAINT snmp_credentials_organization_id_name_key UNIQUE (organization_id, name);


--
-- Name: snmp_credentials snmp_credentials_pkey; Type: CONSTRAINT; Schema: public; Owner: postgres
--

ALTER TABLE ONLY public.snmp_credentials
    ADD CONSTRAINT snmp_credentials_pkey PRIMARY KEY (id);


--
-- Name: subnets subnets_pkey; Type: CONSTRAINT; Schema: public; Owner: postgres
--

ALTER TABLE ONLY public.subnets
    ADD CONSTRAINT subnets_pkey PRIMARY KEY (id);


--
-- Name: tags tags_pkey; Type: CONSTRAINT; Schema: public; Owner: postgres
--

ALTER TABLE ONLY public.tags
    ADD CONSTRAINT tags_pkey PRIMARY KEY (id);


--
-- Name: topologies topologies_pkey; Type: CONSTRAINT; Schema: public; Owner: postgres
--

ALTER TABLE ONLY public.topologies
    ADD CONSTRAINT topologies_pkey PRIMARY KEY (id);


--
-- Name: user_api_key_network_access user_api_key_network_access_api_key_id_network_id_key; Type: CONSTRAINT; Schema: public; Owner: postgres
--

ALTER TABLE ONLY public.user_api_key_network_access
    ADD CONSTRAINT user_api_key_network_access_api_key_id_network_id_key UNIQUE (api_key_id, network_id);


--
-- Name: user_api_key_network_access user_api_key_network_access_pkey; Type: CONSTRAINT; Schema: public; Owner: postgres
--

ALTER TABLE ONLY public.user_api_key_network_access
    ADD CONSTRAINT user_api_key_network_access_pkey PRIMARY KEY (id);


--
-- Name: user_api_keys user_api_keys_key_key; Type: CONSTRAINT; Schema: public; Owner: postgres
--

ALTER TABLE ONLY public.user_api_keys
    ADD CONSTRAINT user_api_keys_key_key UNIQUE (key);


--
-- Name: user_api_keys user_api_keys_pkey; Type: CONSTRAINT; Schema: public; Owner: postgres
--

ALTER TABLE ONLY public.user_api_keys
    ADD CONSTRAINT user_api_keys_pkey PRIMARY KEY (id);


--
-- Name: user_network_access user_network_access_pkey; Type: CONSTRAINT; Schema: public; Owner: postgres
--

ALTER TABLE ONLY public.user_network_access
    ADD CONSTRAINT user_network_access_pkey PRIMARY KEY (id);


--
-- Name: user_network_access user_network_access_user_id_network_id_key; Type: CONSTRAINT; Schema: public; Owner: postgres
--

ALTER TABLE ONLY public.user_network_access
    ADD CONSTRAINT user_network_access_user_id_network_id_key UNIQUE (user_id, network_id);


--
-- Name: users users_pkey; Type: CONSTRAINT; Schema: public; Owner: postgres
--

ALTER TABLE ONLY public.users
    ADD CONSTRAINT users_pkey PRIMARY KEY (id);


--
-- Name: session session_pkey; Type: CONSTRAINT; Schema: tower_sessions; Owner: postgres
--

ALTER TABLE ONLY tower_sessions.session
    ADD CONSTRAINT session_pkey PRIMARY KEY (id);


--
-- Name: idx_api_keys_key; Type: INDEX; Schema: public; Owner: postgres
--

CREATE INDEX idx_api_keys_key ON public.api_keys USING btree (key);


--
-- Name: idx_api_keys_network; Type: INDEX; Schema: public; Owner: postgres
--

CREATE INDEX idx_api_keys_network ON public.api_keys USING btree (network_id);


--
-- Name: idx_bindings_interface; Type: INDEX; Schema: public; Owner: postgres
--

CREATE INDEX idx_bindings_interface ON public.bindings USING btree (interface_id);


--
-- Name: idx_bindings_network; Type: INDEX; Schema: public; Owner: postgres
--

CREATE INDEX idx_bindings_network ON public.bindings USING btree (network_id);


--
-- Name: idx_bindings_port; Type: INDEX; Schema: public; Owner: postgres
--

CREATE INDEX idx_bindings_port ON public.bindings USING btree (port_id);


--
-- Name: idx_bindings_service; Type: INDEX; Schema: public; Owner: postgres
--

CREATE INDEX idx_bindings_service ON public.bindings USING btree (service_id);


--
-- Name: idx_daemon_host_id; Type: INDEX; Schema: public; Owner: postgres
--

CREATE INDEX idx_daemon_host_id ON public.daemons USING btree (host_id);


--
-- Name: idx_daemons_api_key; Type: INDEX; Schema: public; Owner: postgres
--

CREATE INDEX idx_daemons_api_key ON public.daemons USING btree (api_key_id) WHERE (api_key_id IS NOT NULL);


--
-- Name: idx_daemons_network; Type: INDEX; Schema: public; Owner: postgres
--

CREATE INDEX idx_daemons_network ON public.daemons USING btree (network_id);


--
-- Name: idx_discovery_daemon; Type: INDEX; Schema: public; Owner: postgres
--

CREATE INDEX idx_discovery_daemon ON public.discovery USING btree (daemon_id);


--
-- Name: idx_discovery_network; Type: INDEX; Schema: public; Owner: postgres
--

CREATE INDEX idx_discovery_network ON public.discovery USING btree (network_id);


--
-- Name: idx_entity_tags_entity; Type: INDEX; Schema: public; Owner: postgres
--

CREATE INDEX idx_entity_tags_entity ON public.entity_tags USING btree (entity_id, entity_type);


--
-- Name: idx_entity_tags_tag_id; Type: INDEX; Schema: public; Owner: postgres
--

CREATE INDEX idx_entity_tags_tag_id ON public.entity_tags USING btree (tag_id);


--
-- Name: idx_group_bindings_binding; Type: INDEX; Schema: public; Owner: postgres
--

CREATE INDEX idx_group_bindings_binding ON public.group_bindings USING btree (binding_id);


--
-- Name: idx_group_bindings_group; Type: INDEX; Schema: public; Owner: postgres
--

CREATE INDEX idx_group_bindings_group ON public.group_bindings USING btree (group_id);


--
-- Name: idx_groups_network; Type: INDEX; Schema: public; Owner: postgres
--

CREATE INDEX idx_groups_network ON public.groups USING btree (network_id);


--
-- Name: idx_hosts_chassis_id; Type: INDEX; Schema: public; Owner: postgres
--

CREATE INDEX idx_hosts_chassis_id ON public.hosts USING btree (chassis_id);


--
-- Name: idx_hosts_network; Type: INDEX; Schema: public; Owner: postgres
--

CREATE INDEX idx_hosts_network ON public.hosts USING btree (network_id);


--
-- Name: idx_hosts_snmp_credential; Type: INDEX; Schema: public; Owner: postgres
--

CREATE INDEX idx_hosts_snmp_credential ON public.hosts USING btree (snmp_credential_id);


--
-- Name: idx_if_entries_host; Type: INDEX; Schema: public; Owner: postgres
--

CREATE INDEX idx_if_entries_host ON public.if_entries USING btree (host_id);


--
-- Name: idx_if_entries_interface; Type: INDEX; Schema: public; Owner: postgres
--

CREATE INDEX idx_if_entries_interface ON public.if_entries USING btree (interface_id);


--
-- Name: idx_if_entries_mac_address; Type: INDEX; Schema: public; Owner: postgres
--

CREATE INDEX idx_if_entries_mac_address ON public.if_entries USING btree (mac_address);


--
-- Name: idx_if_entries_neighbor_host; Type: INDEX; Schema: public; Owner: postgres
--

CREATE INDEX idx_if_entries_neighbor_host ON public.if_entries USING btree (neighbor_host_id);


--
-- Name: idx_if_entries_neighbor_if_entry; Type: INDEX; Schema: public; Owner: postgres
--

CREATE INDEX idx_if_entries_neighbor_if_entry ON public.if_entries USING btree (neighbor_if_entry_id);


--
-- Name: idx_if_entries_network; Type: INDEX; Schema: public; Owner: postgres
--

CREATE INDEX idx_if_entries_network ON public.if_entries USING btree (network_id);


--
-- Name: idx_interfaces_host; Type: INDEX; Schema: public; Owner: postgres
--

CREATE INDEX idx_interfaces_host ON public.interfaces USING btree (host_id);


--
-- Name: idx_interfaces_host_mac; Type: INDEX; Schema: public; Owner: postgres
--

CREATE INDEX idx_interfaces_host_mac ON public.interfaces USING btree (host_id, mac_address) WHERE (mac_address IS NOT NULL);


--
-- Name: idx_interfaces_network; Type: INDEX; Schema: public; Owner: postgres
--

CREATE INDEX idx_interfaces_network ON public.interfaces USING btree (network_id);


--
-- Name: idx_interfaces_subnet; Type: INDEX; Schema: public; Owner: postgres
--

CREATE INDEX idx_interfaces_subnet ON public.interfaces USING btree (subnet_id);


--
-- Name: idx_invites_expires_at; Type: INDEX; Schema: public; Owner: postgres
--

CREATE INDEX idx_invites_expires_at ON public.invites USING btree (expires_at);


--
-- Name: idx_invites_organization; Type: INDEX; Schema: public; Owner: postgres
--

CREATE INDEX idx_invites_organization ON public.invites USING btree (organization_id);


--
-- Name: idx_networks_owner_organization; Type: INDEX; Schema: public; Owner: postgres
--

CREATE INDEX idx_networks_owner_organization ON public.networks USING btree (organization_id);


--
-- Name: idx_networks_snmp_credential; Type: INDEX; Schema: public; Owner: postgres
--

CREATE INDEX idx_networks_snmp_credential ON public.networks USING btree (snmp_credential_id);


--
-- Name: idx_organizations_stripe_customer; Type: INDEX; Schema: public; Owner: postgres
--

CREATE INDEX idx_organizations_stripe_customer ON public.organizations USING btree (stripe_customer_id);


--
-- Name: idx_ports_host; Type: INDEX; Schema: public; Owner: postgres
--

CREATE INDEX idx_ports_host ON public.ports USING btree (host_id);


--
-- Name: idx_ports_network; Type: INDEX; Schema: public; Owner: postgres
--

CREATE INDEX idx_ports_network ON public.ports USING btree (network_id);


--
-- Name: idx_ports_number; Type: INDEX; Schema: public; Owner: postgres
--

CREATE INDEX idx_ports_number ON public.ports USING btree (port_number);


--
-- Name: idx_services_host_id; Type: INDEX; Schema: public; Owner: postgres
--

CREATE INDEX idx_services_host_id ON public.services USING btree (host_id);


--
-- Name: idx_services_host_position; Type: INDEX; Schema: public; Owner: postgres
--

CREATE INDEX idx_services_host_position ON public.services USING btree (host_id, "position");


--
-- Name: idx_services_network; Type: INDEX; Schema: public; Owner: postgres
--

CREATE INDEX idx_services_network ON public.services USING btree (network_id);


--
-- Name: idx_shares_enabled; Type: INDEX; Schema: public; Owner: postgres
--

CREATE INDEX idx_shares_enabled ON public.shares USING btree (is_enabled) WHERE (is_enabled = true);


--
-- Name: idx_shares_network; Type: INDEX; Schema: public; Owner: postgres
--

CREATE INDEX idx_shares_network ON public.shares USING btree (network_id);


--
-- Name: idx_shares_topology; Type: INDEX; Schema: public; Owner: postgres
--

CREATE INDEX idx_shares_topology ON public.shares USING btree (topology_id);


--
-- Name: idx_snmp_credentials_org; Type: INDEX; Schema: public; Owner: postgres
--

CREATE INDEX idx_snmp_credentials_org ON public.snmp_credentials USING btree (organization_id);


--
-- Name: idx_subnets_network; Type: INDEX; Schema: public; Owner: postgres
--

CREATE INDEX idx_subnets_network ON public.subnets USING btree (network_id);


--
-- Name: idx_tags_org_name; Type: INDEX; Schema: public; Owner: postgres
--

CREATE UNIQUE INDEX idx_tags_org_name ON public.tags USING btree (organization_id, name);


--
-- Name: idx_tags_organization; Type: INDEX; Schema: public; Owner: postgres
--

CREATE INDEX idx_tags_organization ON public.tags USING btree (organization_id);


--
-- Name: idx_topologies_network; Type: INDEX; Schema: public; Owner: postgres
--

CREATE INDEX idx_topologies_network ON public.topologies USING btree (network_id);


--
-- Name: idx_user_api_key_network_access_key; Type: INDEX; Schema: public; Owner: postgres
--

CREATE INDEX idx_user_api_key_network_access_key ON public.user_api_key_network_access USING btree (api_key_id);


--
-- Name: idx_user_api_key_network_access_network; Type: INDEX; Schema: public; Owner: postgres
--

CREATE INDEX idx_user_api_key_network_access_network ON public.user_api_key_network_access USING btree (network_id);


--
-- Name: idx_user_api_keys_key; Type: INDEX; Schema: public; Owner: postgres
--

CREATE INDEX idx_user_api_keys_key ON public.user_api_keys USING btree (key);


--
-- Name: idx_user_api_keys_org; Type: INDEX; Schema: public; Owner: postgres
--

CREATE INDEX idx_user_api_keys_org ON public.user_api_keys USING btree (organization_id);


--
-- Name: idx_user_api_keys_user; Type: INDEX; Schema: public; Owner: postgres
--

CREATE INDEX idx_user_api_keys_user ON public.user_api_keys USING btree (user_id);


--
-- Name: idx_user_network_access_network; Type: INDEX; Schema: public; Owner: postgres
--

CREATE INDEX idx_user_network_access_network ON public.user_network_access USING btree (network_id);


--
-- Name: idx_user_network_access_user; Type: INDEX; Schema: public; Owner: postgres
--

CREATE INDEX idx_user_network_access_user ON public.user_network_access USING btree (user_id);


--
-- Name: idx_users_email_lower; Type: INDEX; Schema: public; Owner: postgres
--

CREATE UNIQUE INDEX idx_users_email_lower ON public.users USING btree (lower(email));


--
-- Name: idx_users_email_verification_token; Type: INDEX; Schema: public; Owner: postgres
--

CREATE INDEX idx_users_email_verification_token ON public.users USING btree (email_verification_token) WHERE (email_verification_token IS NOT NULL);


--
-- Name: idx_users_oidc_provider_subject; Type: INDEX; Schema: public; Owner: postgres
--

CREATE UNIQUE INDEX idx_users_oidc_provider_subject ON public.users USING btree (oidc_provider, oidc_subject) WHERE ((oidc_provider IS NOT NULL) AND (oidc_subject IS NOT NULL));


--
-- Name: idx_users_organization; Type: INDEX; Schema: public; Owner: postgres
--

CREATE INDEX idx_users_organization ON public.users USING btree (organization_id);


--
-- Name: idx_users_password_reset_token; Type: INDEX; Schema: public; Owner: postgres
--

CREATE INDEX idx_users_password_reset_token ON public.users USING btree (password_reset_token) WHERE (password_reset_token IS NOT NULL);


--
-- Name: users reassign_daemons_before_user_delete; Type: TRIGGER; Schema: public; Owner: postgres
--

CREATE TRIGGER reassign_daemons_before_user_delete BEFORE DELETE ON public.users FOR EACH ROW EXECUTE FUNCTION public.reassign_daemons_on_user_delete();


--
-- Name: api_keys api_keys_network_id_fkey; Type: FK CONSTRAINT; Schema: public; Owner: postgres
--

ALTER TABLE ONLY public.api_keys
    ADD CONSTRAINT api_keys_network_id_fkey FOREIGN KEY (network_id) REFERENCES public.networks(id) ON DELETE CASCADE;


--
-- Name: bindings bindings_interface_id_fkey; Type: FK CONSTRAINT; Schema: public; Owner: postgres
--

ALTER TABLE ONLY public.bindings
    ADD CONSTRAINT bindings_interface_id_fkey FOREIGN KEY (interface_id) REFERENCES public.interfaces(id) ON DELETE CASCADE;


--
-- Name: bindings bindings_network_id_fkey; Type: FK CONSTRAINT; Schema: public; Owner: postgres
--

ALTER TABLE ONLY public.bindings
    ADD CONSTRAINT bindings_network_id_fkey FOREIGN KEY (network_id) REFERENCES public.networks(id) ON DELETE CASCADE;


--
-- Name: bindings bindings_port_id_fkey; Type: FK CONSTRAINT; Schema: public; Owner: postgres
--

ALTER TABLE ONLY public.bindings
    ADD CONSTRAINT bindings_port_id_fkey FOREIGN KEY (port_id) REFERENCES public.ports(id) ON DELETE CASCADE;


--
-- Name: bindings bindings_service_id_fkey; Type: FK CONSTRAINT; Schema: public; Owner: postgres
--

ALTER TABLE ONLY public.bindings
    ADD CONSTRAINT bindings_service_id_fkey FOREIGN KEY (service_id) REFERENCES public.services(id) ON DELETE CASCADE;


--
-- Name: daemons daemons_api_key_id_fkey; Type: FK CONSTRAINT; Schema: public; Owner: postgres
--

ALTER TABLE ONLY public.daemons
    ADD CONSTRAINT daemons_api_key_id_fkey FOREIGN KEY (api_key_id) REFERENCES public.api_keys(id) ON DELETE SET NULL;


--
-- Name: daemons daemons_network_id_fkey; Type: FK CONSTRAINT; Schema: public; Owner: postgres
--

ALTER TABLE ONLY public.daemons
    ADD CONSTRAINT daemons_network_id_fkey FOREIGN KEY (network_id) REFERENCES public.networks(id) ON DELETE CASCADE;


--
-- Name: daemons daemons_user_id_fkey; Type: FK CONSTRAINT; Schema: public; Owner: postgres
--

ALTER TABLE ONLY public.daemons
    ADD CONSTRAINT daemons_user_id_fkey FOREIGN KEY (user_id) REFERENCES public.users(id);


--
-- Name: discovery discovery_daemon_id_fkey; Type: FK CONSTRAINT; Schema: public; Owner: postgres
--

ALTER TABLE ONLY public.discovery
    ADD CONSTRAINT discovery_daemon_id_fkey FOREIGN KEY (daemon_id) REFERENCES public.daemons(id) ON DELETE CASCADE;


--
-- Name: discovery discovery_network_id_fkey; Type: FK CONSTRAINT; Schema: public; Owner: postgres
--

ALTER TABLE ONLY public.discovery
    ADD CONSTRAINT discovery_network_id_fkey FOREIGN KEY (network_id) REFERENCES public.networks(id) ON DELETE CASCADE;


--
-- Name: entity_tags entity_tags_tag_id_fkey; Type: FK CONSTRAINT; Schema: public; Owner: postgres
--

ALTER TABLE ONLY public.entity_tags
    ADD CONSTRAINT entity_tags_tag_id_fkey FOREIGN KEY (tag_id) REFERENCES public.tags(id) ON DELETE CASCADE;


--
-- Name: group_bindings group_bindings_binding_id_fkey; Type: FK CONSTRAINT; Schema: public; Owner: postgres
--

ALTER TABLE ONLY public.group_bindings
    ADD CONSTRAINT group_bindings_binding_id_fkey FOREIGN KEY (binding_id) REFERENCES public.bindings(id) ON DELETE CASCADE;


--
-- Name: group_bindings group_bindings_group_id_fkey; Type: FK CONSTRAINT; Schema: public; Owner: postgres
--

ALTER TABLE ONLY public.group_bindings
    ADD CONSTRAINT group_bindings_group_id_fkey FOREIGN KEY (group_id) REFERENCES public.groups(id) ON DELETE CASCADE;


--
-- Name: groups groups_network_id_fkey; Type: FK CONSTRAINT; Schema: public; Owner: postgres
--

ALTER TABLE ONLY public.groups
    ADD CONSTRAINT groups_network_id_fkey FOREIGN KEY (network_id) REFERENCES public.networks(id) ON DELETE CASCADE;


--
-- Name: hosts hosts_network_id_fkey; Type: FK CONSTRAINT; Schema: public; Owner: postgres
--

ALTER TABLE ONLY public.hosts
    ADD CONSTRAINT hosts_network_id_fkey FOREIGN KEY (network_id) REFERENCES public.networks(id) ON DELETE CASCADE;


--
-- Name: hosts hosts_snmp_credential_id_fkey; Type: FK CONSTRAINT; Schema: public; Owner: postgres
--

ALTER TABLE ONLY public.hosts
    ADD CONSTRAINT hosts_snmp_credential_id_fkey FOREIGN KEY (snmp_credential_id) REFERENCES public.snmp_credentials(id) ON DELETE SET NULL;


--
-- Name: if_entries if_entries_host_id_fkey; Type: FK CONSTRAINT; Schema: public; Owner: postgres
--

ALTER TABLE ONLY public.if_entries
    ADD CONSTRAINT if_entries_host_id_fkey FOREIGN KEY (host_id) REFERENCES public.hosts(id) ON DELETE CASCADE;


--
-- Name: if_entries if_entries_interface_id_fkey; Type: FK CONSTRAINT; Schema: public; Owner: postgres
--

ALTER TABLE ONLY public.if_entries
    ADD CONSTRAINT if_entries_interface_id_fkey FOREIGN KEY (interface_id) REFERENCES public.interfaces(id) ON DELETE SET NULL;


--
-- Name: if_entries if_entries_neighbor_host_id_fkey; Type: FK CONSTRAINT; Schema: public; Owner: postgres
--

ALTER TABLE ONLY public.if_entries
    ADD CONSTRAINT if_entries_neighbor_host_id_fkey FOREIGN KEY (neighbor_host_id) REFERENCES public.hosts(id) ON DELETE SET NULL;


--
-- Name: if_entries if_entries_neighbor_if_entry_id_fkey; Type: FK CONSTRAINT; Schema: public; Owner: postgres
--

ALTER TABLE ONLY public.if_entries
    ADD CONSTRAINT if_entries_neighbor_if_entry_id_fkey FOREIGN KEY (neighbor_if_entry_id) REFERENCES public.if_entries(id) ON DELETE SET NULL;


--
-- Name: if_entries if_entries_network_id_fkey; Type: FK CONSTRAINT; Schema: public; Owner: postgres
--

ALTER TABLE ONLY public.if_entries
    ADD CONSTRAINT if_entries_network_id_fkey FOREIGN KEY (network_id) REFERENCES public.networks(id) ON DELETE CASCADE;


--
-- Name: interfaces interfaces_host_id_fkey; Type: FK CONSTRAINT; Schema: public; Owner: postgres
--

ALTER TABLE ONLY public.interfaces
    ADD CONSTRAINT interfaces_host_id_fkey FOREIGN KEY (host_id) REFERENCES public.hosts(id) ON DELETE CASCADE;


--
-- Name: interfaces interfaces_network_id_fkey; Type: FK CONSTRAINT; Schema: public; Owner: postgres
--

ALTER TABLE ONLY public.interfaces
    ADD CONSTRAINT interfaces_network_id_fkey FOREIGN KEY (network_id) REFERENCES public.networks(id) ON DELETE CASCADE;


--
-- Name: interfaces interfaces_subnet_id_fkey; Type: FK CONSTRAINT; Schema: public; Owner: postgres
--

ALTER TABLE ONLY public.interfaces
    ADD CONSTRAINT interfaces_subnet_id_fkey FOREIGN KEY (subnet_id) REFERENCES public.subnets(id) ON DELETE CASCADE;


--
-- Name: invites invites_created_by_fkey; Type: FK CONSTRAINT; Schema: public; Owner: postgres
--

ALTER TABLE ONLY public.invites
    ADD CONSTRAINT invites_created_by_fkey FOREIGN KEY (created_by) REFERENCES public.users(id) ON DELETE CASCADE;


--
-- Name: invites invites_organization_id_fkey; Type: FK CONSTRAINT; Schema: public; Owner: postgres
--

ALTER TABLE ONLY public.invites
    ADD CONSTRAINT invites_organization_id_fkey FOREIGN KEY (organization_id) REFERENCES public.organizations(id) ON DELETE CASCADE;


--
-- Name: networks networks_snmp_credential_id_fkey; Type: FK CONSTRAINT; Schema: public; Owner: postgres
--

ALTER TABLE ONLY public.networks
    ADD CONSTRAINT networks_snmp_credential_id_fkey FOREIGN KEY (snmp_credential_id) REFERENCES public.snmp_credentials(id) ON DELETE SET NULL;


--
-- Name: networks organization_id_fkey; Type: FK CONSTRAINT; Schema: public; Owner: postgres
--

ALTER TABLE ONLY public.networks
    ADD CONSTRAINT organization_id_fkey FOREIGN KEY (organization_id) REFERENCES public.organizations(id) ON DELETE CASCADE;


--
-- Name: ports ports_host_id_fkey; Type: FK CONSTRAINT; Schema: public; Owner: postgres
--

ALTER TABLE ONLY public.ports
    ADD CONSTRAINT ports_host_id_fkey FOREIGN KEY (host_id) REFERENCES public.hosts(id) ON DELETE CASCADE;


--
-- Name: ports ports_network_id_fkey; Type: FK CONSTRAINT; Schema: public; Owner: postgres
--

ALTER TABLE ONLY public.ports
    ADD CONSTRAINT ports_network_id_fkey FOREIGN KEY (network_id) REFERENCES public.networks(id) ON DELETE CASCADE;


--
-- Name: services services_host_id_fkey; Type: FK CONSTRAINT; Schema: public; Owner: postgres
--

ALTER TABLE ONLY public.services
    ADD CONSTRAINT services_host_id_fkey FOREIGN KEY (host_id) REFERENCES public.hosts(id) ON DELETE CASCADE;


--
-- Name: services services_network_id_fkey; Type: FK CONSTRAINT; Schema: public; Owner: postgres
--

ALTER TABLE ONLY public.services
    ADD CONSTRAINT services_network_id_fkey FOREIGN KEY (network_id) REFERENCES public.networks(id) ON DELETE CASCADE;


--
-- Name: shares shares_created_by_fkey; Type: FK CONSTRAINT; Schema: public; Owner: postgres
--

ALTER TABLE ONLY public.shares
    ADD CONSTRAINT shares_created_by_fkey FOREIGN KEY (created_by) REFERENCES public.users(id) ON DELETE CASCADE;


--
-- Name: shares shares_network_id_fkey; Type: FK CONSTRAINT; Schema: public; Owner: postgres
--

ALTER TABLE ONLY public.shares
    ADD CONSTRAINT shares_network_id_fkey FOREIGN KEY (network_id) REFERENCES public.networks(id) ON DELETE CASCADE;


--
-- Name: shares shares_topology_id_fkey; Type: FK CONSTRAINT; Schema: public; Owner: postgres
--

ALTER TABLE ONLY public.shares
    ADD CONSTRAINT shares_topology_id_fkey FOREIGN KEY (topology_id) REFERENCES public.topologies(id) ON DELETE CASCADE;


--
-- Name: snmp_credentials snmp_credentials_organization_id_fkey; Type: FK CONSTRAINT; Schema: public; Owner: postgres
--

ALTER TABLE ONLY public.snmp_credentials
    ADD CONSTRAINT snmp_credentials_organization_id_fkey FOREIGN KEY (organization_id) REFERENCES public.organizations(id) ON DELETE CASCADE;


--
-- Name: subnets subnets_network_id_fkey; Type: FK CONSTRAINT; Schema: public; Owner: postgres
--

ALTER TABLE ONLY public.subnets
    ADD CONSTRAINT subnets_network_id_fkey FOREIGN KEY (network_id) REFERENCES public.networks(id) ON DELETE CASCADE;


--
-- Name: tags tags_organization_id_fkey; Type: FK CONSTRAINT; Schema: public; Owner: postgres
--

ALTER TABLE ONLY public.tags
    ADD CONSTRAINT tags_organization_id_fkey FOREIGN KEY (organization_id) REFERENCES public.organizations(id) ON DELETE CASCADE;


--
-- Name: topologies topologies_network_id_fkey; Type: FK CONSTRAINT; Schema: public; Owner: postgres
--

ALTER TABLE ONLY public.topologies
    ADD CONSTRAINT topologies_network_id_fkey FOREIGN KEY (network_id) REFERENCES public.networks(id) ON DELETE CASCADE;


--
-- Name: user_api_key_network_access user_api_key_network_access_api_key_id_fkey; Type: FK CONSTRAINT; Schema: public; Owner: postgres
--

ALTER TABLE ONLY public.user_api_key_network_access
    ADD CONSTRAINT user_api_key_network_access_api_key_id_fkey FOREIGN KEY (api_key_id) REFERENCES public.user_api_keys(id) ON DELETE CASCADE;


--
-- Name: user_api_key_network_access user_api_key_network_access_network_id_fkey; Type: FK CONSTRAINT; Schema: public; Owner: postgres
--

ALTER TABLE ONLY public.user_api_key_network_access
    ADD CONSTRAINT user_api_key_network_access_network_id_fkey FOREIGN KEY (network_id) REFERENCES public.networks(id) ON DELETE CASCADE;


--
-- Name: user_api_keys user_api_keys_organization_id_fkey; Type: FK CONSTRAINT; Schema: public; Owner: postgres
--

ALTER TABLE ONLY public.user_api_keys
    ADD CONSTRAINT user_api_keys_organization_id_fkey FOREIGN KEY (organization_id) REFERENCES public.organizations(id) ON DELETE CASCADE;


--
-- Name: user_api_keys user_api_keys_user_id_fkey; Type: FK CONSTRAINT; Schema: public; Owner: postgres
--

ALTER TABLE ONLY public.user_api_keys
    ADD CONSTRAINT user_api_keys_user_id_fkey FOREIGN KEY (user_id) REFERENCES public.users(id) ON DELETE CASCADE;


--
-- Name: user_network_access user_network_access_network_id_fkey; Type: FK CONSTRAINT; Schema: public; Owner: postgres
--

ALTER TABLE ONLY public.user_network_access
    ADD CONSTRAINT user_network_access_network_id_fkey FOREIGN KEY (network_id) REFERENCES public.networks(id) ON DELETE CASCADE;


--
-- Name: user_network_access user_network_access_user_id_fkey; Type: FK CONSTRAINT; Schema: public; Owner: postgres
--

ALTER TABLE ONLY public.user_network_access
    ADD CONSTRAINT user_network_access_user_id_fkey FOREIGN KEY (user_id) REFERENCES public.users(id) ON DELETE CASCADE;


--
-- Name: users users_organization_id_fkey; Type: FK CONSTRAINT; Schema: public; Owner: postgres
--

ALTER TABLE ONLY public.users
    ADD CONSTRAINT users_organization_id_fkey FOREIGN KEY (organization_id) REFERENCES public.organizations(id) ON DELETE CASCADE;


--
-- PostgreSQL database dump complete
--

\unrestrict lJ4uklGwX9kkLfGYCzpnzRJZAZxevkJOShMBJCSZqO4yXIPMj1dcD5a5DvvOuCj

